title,address,phone,rating,category,logo,website,html_logo_help,html_logo,keyword,location
The Dead Rabbit,"30 Water St, New York, NY 10004, United States",19175405228,4.7,irish bar,https://images.squarespace-cdn.com/content/v1/6231ff6bf0d49978468462a8/6867d57c-33dc-4a51-b3cf-3e39bf5dc51e/The-Dead-Rabbit-Logo-03.png?format=1500w,http://www.thedeadrabbit.com/x,"<div class=""header-title-logo""><a href=""/"" data-animation-role=""header-element"" class=""preFade fadeIn"" style=""transition-timing-function: ease; transition-duration: 0.65s; transition-delay: 0.0178571s;""><img src=""//images.squarespace-cdn.com/content/v1/6231ff6bf0d49978468462a8/6867d57c-33dc-4a51-b3cf-3e39bf5dc51e/The-Dead-Rabbit-Logo-03.png?format=1500w"" alt=""The Dead Rabbit""></a></div>","""<div class=""header-title-logo""><a href=""/"" data-animation-role=""header-element"" class=""preFade fadeIn"" style=""transition-timing-function: ease; transition-duration: 0.65s; transition-delay: 0.0178571s;""><img src=""//images.squarespace-cdn.com/content/v1/6231ff6bf0d49978468462a8/6867d57c-33dc-4a51-b3cf-3e39bf5dc51e/The-Dead-Rabbit-Logo-03.png?format=1500w"" alt=""The Dead Rabbit""></a></div>""",bars,nyc
Dear Irving on Hudson Rooftop Bar,"310 W 40th St, New York, NY 10018, United States",,4.5,Cocktail bar,https://images.squarespace-cdn.com/content/v1/5c2ec1284cde7a01c875ac2e/1548944903780-WT0ER1R5QAL6YHR4Q7FY/DI_OH_Logo_Gold_XL.png?format=1500w,https://www.dearirving.com/,"<div id=""logoWrapper"" class=""title-logo-wrapper"" data-content-field=""site-title""><h1 id=""logoImage"" class=""tmpl-loading logo-image""><a href=""/"" tabindex=""0"" id=""yui_3_17_2_1_1683232549650_519""><img src=""//images.squarespace-cdn.com/content/v1/5c2ec1284cde7a01c875ac2e/1548944903780-WT0ER1R5QAL6YHR4Q7FY/DI_OH_Logo_Gold_XL.png?format=1500w"" alt=""DEAR IRVING"" id=""yui_3_17_2_1_1683232549650_518""></a></h1></div>","""<div id=""logoWrapper"" class=""title-logo-wrapper"" data-content-field=""site-title""><h1 id=""logoImage"" class=""tmpl-loading logo-image""><a href=""/"" tabindex=""0"" id=""yui_3_17_2_1_1683232549650_519""><img src=""//images.squarespace-cdn.com/content/v1/5c2ec1284cde7a01c875ac2e/1548944903780-WT0ER1R5QAL6YHR4Q7FY/DI_OH_Logo_Gold_XL.png?format=1500w"" alt=""DEAR IRVING"" id=""yui_3_17_2_1_1683232549650_518""></a></h1></div>""",bars,nyc
Hidden Lane Bar,"129 E 15th St, New York, NY 10003, United States",12017491876,4.5,Bar,http://www.hiddenlanebar.com/uploads/9/4/2/1/94213977/hidden-lane-logo-final-offwhite-on-charcoal-website_4.png,http://www.hiddenlanebar.com/,,"""""",bars,nyc
Temple Bar,"332 Lafayette St, New York, NY 10012, United States",,3.9,Bar,https://images.squarespace-cdn.com/content/v1/614340cddd46577c8e89d02d/960f3036-c94e-49f1-97ee-d85bde59b5fc/Temple+Bar+wordmark_web_black-01.png?format=1500w,https://www.templebar.co/,,"""""",bars,nyc
Pebble Bar,"67 W 49th St, New York, NY 10112, United States",,4.5,Cocktail bar,https://images.squarespace-cdn.com/content/v1/61845d79f159c9288123a385/77a841bb-e81e-4b58-902a-579cf559e2e4/PebbleBar-Wordmark-OneLine-CREAM-MED.png?format=1500w,https://www.pebblebarnyc.com/,,"""""",bars,nyc
Old Town Bar,"45 E 18th St, New York, NY 10003",(212) 529-6732,4.4,Gastropub,,,,"""""",bars,nyc
BAR CHRYSTIE,"PUBLIC Hotel, 215 Chrystie St, New York, NY 10002",,3.9,Cocktail bar,,https://www.publichotels.com/eat-and-drink/bar-chrystie,,"""""",bars,nyc
The Bowery Electric,"327 Bowery, New York, NY 10003, United States",1 212-228-0228,4.3,Live music bar,https://www.theboweryelectric.com/wp-content/uploads/2022/10/The-Bowery-Electric-logo-1.png,https://www.theboweryelectric.com/?gclid=EAIaIgocChMIpuexhLqz_wIVpgcGAB0zrAK8EBAYAiDIARICHhnw_wcB,,"""""",bars,nyc
Bar 54,"135 W 45th St, New York, NY 10036, United States",646-364-1234,4.2,Bar,,https://resy.com/cities/ny/10486?date=2023-06-09,,"""""",bars,nyc
Jimmy's Corner,"140 W 44th St, New York, NY 10036, United States",212-221-9510,4.5,Bar,,https://nymag.com/listings/search,,"""""",bars,nyc
The Bar Room,"9 W 53rd St, New York, NY 10019, United States",212-333-1220,4.5,Bar,https://www.themodernnyc.com/,https://www.themodernnyc.com/the-bar-room-at-the-modern/?utm_source=GoogleBusinessProfiles&utm_medium=Menu&utm_campaign=MapLabs,,"""""",bars,nyc
Barcelona Bar,"923 8th Ave, New York, NY 10019, United States",,4.5,bar,,https://www.barcelonabarnyc.com/,,"""""",bars,nyc
Strangelove Bar Nyc,"229 E 53rd St, New York, NY 10022, United States",,4.5,bar,,https://www.strangeloveny.com/menu,,"""""",bars,nyc
S Bar,"398 10th Ave, New York, NY 10001, United States",212-920-6816,4.3,Cocktail bar,,https://www.sbe.com/nightlife/s-bar/s-bar-new-york/,,"""""",bars,nyc
Bar SixtyFive at Rainbow Room,"30 Rockefeller Plaza 65th Floor, New York, NY 10112, United States",212-632-5000,4.3,bar,,https://www.rockefellercenter.com/attractions/bar-sixtyfive/,,"""""",bars,nyc
KGB Bar,"85 E 4th St, New York, NY 10003, United States",347-441-4481,4.3,bar,,https://kgbbar.com/,,"""""",bars,nyc
The Pony Bar,"1444 1st Ave., New York, NY 10021, United States",212-288-0090,4.5,bar,http://theponybar.com/,https://theponybar.com/,,"""""",bars,nyc
Whiskey Tavern,"79 Baxter St A, New York, NY 10013, United States",212-374-9119,4.6,bar,https://whiskeytavernnyc.com/wp-content/uploads/sites/13/2020/11/tavern-white-large.png,https://whiskeytavernnyc.com/,,"""""",bars,nyc
169 Bar,"169 E Broadway, New York, NY 10002, United States",,4.2,bar,https://169barnyc.com/uploads/images/169bar.png,https://169barnyc.com/,,"""""",bars,nyc
Pocket Bar NYC,"455 W 48th St, New York, NY 10036, United States",646-682-9062,4.7,bar,,https://www.pocketbarnyc.com/,,"""""",bars,nyc
Rudy's Bar & Grill,"627 9th Ave, New York, NY 10036, United States",646-707-0890,4.6,bar,https://cdn.shopify.com/s/files/1/0248/9902/6990/files/logo_for_website_180x.png?v=1614325524,https://rudysbarnyc.com/,,"""""",bars,nyc
Basement,"45 Mott St, New York, NY 10013, United States",929-777-1388,4.4,Cocktail bar,https://images.squarespace-cdn.com/content/v1/5b357de7c3c16a60c7dbf275/1530859801884-WB1RCLM3J81HN9YL64U3/basement-7.0.gif?format=1500w,https://basementchinatown.com/,,"""""",bars,nyc
Apotheke Chinatown,"9 Doyers St, New York, NY 10013, United States",212-406-0400,4.4,Cocktail bar,"https://images.getbento.com/accounts/4d055a573a2294f2038bd046ffea264e/media/images/609537wgRL9MmT7qP1PEoX6ug_Coat-of-Arms.png?w=1000&fit=max&auto=compress,format&h=1000",https://www.apothekemixology.com/,,"""""",bars,nyc
The Hunterian,"413 E 70th St, New York, NY 10021, United States",212-825-1525,4.7,bar,https://static.wixstatic.com/media/1739d1_8b44c39ee63e4252b0c7192df46317f5~mv2.gif,https://www.thehunterianues.com/,,"""""",bars,nyc
Clockwork Bar,"21 Essex St, New York, NY 10002, United States",,4.5,bar,"https://static.wixstatic.com/media/0e2e28_018df20c2c474bea8a3eceb3ad420721.png/v1/fill/w_638,h_256,al_c,q_85,usm_0.66_1.00_0.01,enc_auto/0e2e28_018df20c2c474bea8a3eceb3ad420721.png",https://www.clockworknyc.com/,,"""""",bars,nyc
Bar Nine,"807 9th Ave, New York, NY 10019, United States",332-242-2630,4.3,bar,,https://bar9ny.com/,,"""""",bars,nyc
Victory Sweet Shop/Victory Garden Cafe,"21-69 Steinway St, Queens, NY 11105, United States",718-274-2087,4.5,Restaurant,https://victorysweetshop.com/wp-content/uploads/2019/01/elm_victoryCAFE-1.png,https://victorysweetshop.com/garden-cafe/?gclid=CjwKCAjw4ZWkBhA4EiwAVJXwqb_-x6UG6Qpto1aYlUlbByd4rvNH1O2TFee7IqyP51-uAd-OT31wsRoCXvsQAvD_BwE,"<img decoding=""async"" width=""190"" height=""160"" alt=""Victory Sweet Shop Ltd"" itemprop=""image"" data-srcset=""https://victorysweetshop.com/wp-content/uploads/2019/01/elm_victoryCAFE-1.png 190w, https://victorysweetshop.com/wp-content/uploads/2019/01/elm_victoryCAFE-1-64x54.png 64w"" data-src=""https://victorysweetshop.com/wp-content/uploads/2019/01/elm_victoryCAFE-1.png"" data-sizes=""(max-width: 190px) 100vw, 190px"" class=""pp-photo-img wp-image-278 size-full lazyloaded"" src=""https://victorysweetshop.com/wp-content/uploads/2019/01/elm_victoryCAFE-1.png"" sizes=""(max-width: 190px) 100vw, 190px"" srcset=""https://victorysweetshop.com/wp-content/uploads/2019/01/elm_victoryCAFE-1.png 190w, https://victorysweetshop.com/wp-content/uploads/2019/01/elm_victoryCAFE-1-64x54.png 64w"">","""<img decoding=""async"" width=""190"" height=""160"" alt=""Victory Sweet Shop Ltd"" itemprop=""image"" data-srcset=""https://victorysweetshop.com/wp-content/uploads/2019/01/elm_victoryCAFE-1.png 190w, https://victorysweetshop.com/wp-content/uploads/2019/01/elm_victoryCAFE-1-64x54.png 64w"" data-src=""https://victorysweetshop.com/wp-content/uploads/2019/01/elm_victoryCAFE-1.png"" data-sizes=""(max-width: 190px) 100vw, 190px"" class=""pp-photo-img wp-image-278 size-full lazyloaded"" src=""https://victorysweetshop.com/wp-content/uploads/2019/01/elm_victoryCAFE-1.png"" sizes=""(max-width: 190px) 100vw, 190px"" srcset=""https://victorysweetshop.com/wp-content/uploads/2019/01/elm_victoryCAFE-1.png 190w, https://victorysweetshop.com/wp-content/uploads/2019/01/elm_victoryCAFE-1-64x54.png 64w"">""",bars,nyc
142 Sullivan Bar,"142 Sullivan St, New York, NY 10012, United States",212-477-2404,4.6,Bar,https://static.spotapps.co/website_images/ab_websites/12510_website/logo.png,https://142sullivan.com/,"<img alt=""142 Sullivan Bar logo"" class=""logo logo-1"" src=""https://static.spotapps.co/web/142sullivan--com/custom/logo_142.png"">","""<img alt=""142 Sullivan Bar logo"" class=""logo logo-1"" src=""https://static.spotapps.co/web/142sullivan--com/custom/logo_142.png"">""",bars,nyc
John Sullivan's,"210 W 35th St, New York, NY 10001, United States",212-993-7223,4.3,Irish restaurant,https://static.spotapps.co/web/johnsullivansnyc--com/custom/logo.png,https://johnsullivansnyc.com/,"<img alt=""John Sullivan's logo top"" class=""img-responsive logo-top"" src=""https://static.spotapps.co/web/johnsullivansnyc--com/custom/logo.png"">","""<img alt=""John Sullivan's logo top"" class=""img-responsive logo-top"" src=""https://static.spotapps.co/web/johnsullivansnyc--com/custom/logo.png"">""",bars,nyc
Nancy Whiskey Pub,"1 Lispenard St, New York, NY 10013, United States",212-226-9943,4.5,Pub,,https://nancywhiskeypub.nyc/,,"""""",bars,nyc
High Bar New York,"346 W 40th St, New York, NY 10018, United States",,4,Bar,,https://highbarnewyork.com/menu/,,"""""",bars,nyc
Hibernia Bar,"401 W 50th St, New York, NY 10019, United States",212-969-9703,4.6,Bar,https://hiberniabar.com/wp-content/uploads/2017/05/cropped-HBHK_LOGOwhite-1-1-1536x366.png,https://hiberniabar.com/,"<img width=""2717"" height=""647"" src=""https://hiberniabar.com/wp-content/uploads/2017/05/cropped-HBHK_LOGOwhite-1-1.png"" class=""custom-logo"" alt=""Hibernia Bar"" decoding=""async"" loading=""eager"" sizes=""(min-width: 1000px) 180px, 120px"" srcset=""https://hiberniabar.com/wp-content/uploads/2017/05/cropped-HBHK_LOGOwhite-1-1-300x71.png 300w, https://hiberniabar.com/wp-content/uploads/2017/05/cropped-HBHK_LOGOwhite-1-1-768x183.png 768w, https://hiberniabar.com/wp-content/uploads/2017/05/cropped-HBHK_LOGOwhite-1-1-1024x244.png 1024w, https://hiberniabar.com/wp-content/uploads/2017/05/cropped-HBHK_LOGOwhite-1-1-1536x366.png 1536w, https://hiberniabar.com/wp-content/uploads/2017/05/cropped-HBHK_LOGOwhite-1-1-2048x488.png 2048w, https://hiberniabar.com/wp-content/uploads/2017/05/cropped-HBHK_LOGOwhite-1-1.png 2717w"">","""<img width=""2717"" height=""647"" src=""https://hiberniabar.com/wp-content/uploads/2017/05/cropped-HBHK_LOGOwhite-1-1.png"" class=""custom-logo"" alt=""Hibernia Bar"" decoding=""async"" loading=""eager"" sizes=""(min-width: 1000px) 180px, 120px"" srcset=""https://hiberniabar.com/wp-content/uploads/2017/05/cropped-HBHK_LOGOwhite-1-1-300x71.png 300w, https://hiberniabar.com/wp-content/uploads/2017/05/cropped-HBHK_LOGOwhite-1-1-768x183.png 768w, https://hiberniabar.com/wp-content/uploads/2017/05/cropped-HBHK_LOGOwhite-1-1-1024x244.png 1024w, https://hiberniabar.com/wp-content/uploads/2017/05/cropped-HBHK_LOGOwhite-1-1-1536x366.png 1536w, https://hiberniabar.com/wp-content/uploads/2017/05/cropped-HBHK_LOGOwhite-1-1-2048x488.png 2048w, https://hiberniabar.com/wp-content/uploads/2017/05/cropped-HBHK_LOGOwhite-1-1.png 2717w"">""",bars,nyc
Vig Bar,"12 Spring St, New York, NY 10012, United States",212-625-0011,4.4,Bar,,https://vigbar.com/,,"""""",bars,nyc
Ritz Bar and Lounge,"369 W 46th St, New York, NY 10036, United States",12123334177,3.7,Gay bar,,,,"""""",bars,nyc
Slate NY,"54 W 21st St, New York, NY 10010, United States",12129890096,4.1,Bar,https://slate-ny.com/wp-content/uploads/2018/08/slate-logo-gold.png,http://www.slate-ny.com/,,"""""",bars,nyc
Mace,"35 W 8th St, New York, NY 10011, United States",347-866-7739,4.4,Cocktail bar,https://images.squarespace-cdn.com/content/v1/607733688463f53c8ff482a3/1620405858658-XDKY0F9NBF1R2UI9L8QI/MACE_logo-full_white_WEB.png?format=1500w,https://www.macenewyork.com/,,"""""",bars,nyc
Nassau Bar,"118 Nassau St, New York, NY 10038, United States",,4.3,Bar,,https://www.instagram.com/nassaubarnyc/?hl=en,,"""""",bars,nyc
Coyote Ugly New York,"233 E 14th St, New York, NY 10003, United States",646-360-3018,4.1,Bar,,https://www.coyoteuglysaloon.com/wp-content/themes/coyote14/images/logo.png,,"""""",bars,nyc
Bar Belly,"14 Orchard St, New York, NY 10002, United States",917-488-0943,4.5,Cocktail bar,https://images.squarespace-cdn.com/content/v1/5a285812f6576e64a110d532/1515974221387-G5RK9U4JPJNFFKT2WLII/jack.png?format=100w,https://www.barbellynyc.com/,,"""""",bars,nyc
Jeremy's Ale House,"228 Front St, New York, NY 10038, United States",212-964-3537,4.4,Bar,,,,"""""",bars,nyc
Monk McGinns,"57 Murray Street, New York, NY 10007, United States",917-265-8961,4.5,Cocktail bar,https://monkmcginnsnyc.com/wp-content/uploads/2018/04/logo-desktop.png,https://monkmcginnsnyc.com/,,"""""",bars,nyc
LB33,"154 E 33rd St, New York, NY 10016, United States",212-213-1350,4.5,Cocktail bar,,,,"""""",bars,nyc
Weather Up,"159 Duane St, New York, NY 10013, United States",,4.2,Cocktail bar,,http://www.weatherupnyc.com/,,"""""",bars,nyc
Kenn's Broome Street Bar,"363 W Broadway, New York, NY 10013, United States",212-925-2086,4.2,Bar & grill,,seamless.com,,"""""",bars,nyc
Jack Doyle's,"240 W 35th St, New York, NY 10001, United States",212-268-1255,4.3,irish pub,https://static.spotapps.co/website_images/ab_websites/3668_website/logo.png,https://jackdoylesnyc.com/,,"""""",bars,nyc
Fools Gold NYC,"145 E Houston St, New York, NY 10002, United States",212-673-2337,4.5,Cocktail bar,"https://static.wixstatic.com/media/116a10_e3aa458d0bac4d98be5243ae0d857364~mv2.png/v1/fill/w_477,h_182,al_c,q_85,usm_0.66_1.00_0.01,enc_auto/2017_Gold_SIMPLIFIED_COLOR_FOOLS_GOLD_pn.png",https://www.foolsgoldnyc.com/,,"""""",bars,nyc
Ty Bar,"57 E 57th St, New York, NY 10022, United States",212-758-5700,4.3,Cocktail bar,,https://www.fourseasons.com/newyork/dining/?seo=google_local_nyf3_amer,,"""""",bars,nyc
cloudM New York Bowery,"189 Bowery, New York, NY 10002, United States",212-372-7274,4.2,bar,,resy.com,,"""""",bars,nyc
Milano's Bar,"51 E Houston St, New York, NY 10012, United States",212-226-8844,4.5,bar,,,,"""""",bars,nyc
Slattery's Midtown Pub,"8 E 36th St, New York, NY 10016, United States",212-683-6444,4.3,Irish restaurant,https://slatterysmidtownpub.com/site_images/slatterysmidtownpub_logo.png,https://slatterysmidtownpub.com/,,"""""",bars,nyc
The Long Room,"120 W 44th St, New York, NY 10036, United States",212-997-3933,n/a,Irish restaurant,https://images.getbento.com/accounts/6c8848b7c2f0eb43c38130ef2fcf46cf/media/images/28203The_Long_Room_logo-new.png,https://www.thelongroomnyc.com/,,"""""",bars,nyc
The Lobby Bar at Ace Hotel New York,"20 W 29th St, New York, NY 10001, United States",,4.4,bar,,https://acehotel.com/,,"""""",bars,nyc
International Bar,"102 1st Ave., New York, NY 10009, United States",212-777-1643,4.3,bar,https://images.squarespace-cdn.com/content/v1/5f6f82bfa2b32756ea101766/1603569428385-7E1CUU5CB3TSMSKLZGDH/200830_international-bar-logo_circular_bw_headerlogo_website_alpha_BG.png?format=1500w,https://www.internationalbarnyc.com/,,"""""",bars,nyc
Center Bar,"10 Columbus Cir 4th Floor, New York, NY 10019, United States",212-823-9482,3.8,bar,https://images.getbento.com/V1L4mSKWQEu6pAXZ9okh_Center-Bar-LogoMenus.png,https://www.centerbarnyc.com/location/center-bar/,,"""""",bars,nyc
Everything's Jake NYC Bar & Lounge,"54 E 13th St, New York, NY 10003, United States",917-502-1976,4.6,Cocktail bar,https://everythingsjake.com/wp-content/uploads/2022/09/EJLogo-Transparent.png,https://everythingsjake.com/,,"""""",bars,nyc
Mr. Fong's,"40 Market St, New York, NY 10002, United States",646-964-4540,4.3,bar,https://www.mrfongs.com/uploads/b/287fd5dce2216ced7e0f97881c292ca536e0c556f74a99181868c652c83ca611/fongs%20tee%20graphic%20chest%20print%20(1)_1603232885.jpg?width=400&optimize=medium,https://www.mrfongs.com/,,"""""",bars,nyc
The Crosby Bar,"79 Crosby St, New York, NY 10012, United States",212-226-6400,4.5,Bar,,https://www.firmdalehotels.com/hotels/new-york/crosby-street-hotel/,,"""""",bars,nyc
Jane Doe Bar & Restaurant,"12 W 44th St, New York, NY 10036, United States",917-388-3994,4.4,bar,https://janedoenyc.com/wp-content/uploads/elementor/thumbs/Jane-Doe-Logo-with-Layers-p4p4uyw5gvgdehorjk6zazi6ce1mt8usqr4c7o09w4.png,https://janedoenyc.com/,,"""""",bars,nyc
The Rickey,"210 W 55th St #1, New York, NY 10019, United States",646-756-2044,4.3,bar,,https://taogroup.com/venues/the-rickey-cocktail-lounge-new-york/,,"""""",bars,nyc
Mr. Purple,"180 Orchard St 15th floor, New York, NY 10002, United States",212-237-1790,4.1,bar,https://images.getbento.com/accounts/caa0d59c2eb178a50a7b90e2035687fe/media/images/61108mrpurple_logo.png,https://www.mrpurplenyc.com/,,"""""",bars,nyc
The Three Monkeys,"236 W 54th St, New York, NY 10019, United States",212-586-2080,4.3,Sports bar,,https://www.thethreemonkeysbar.com/,,"""""",bars,nyc
The Delancey,"168 Delancey St, New York, NY 10002, United States",212-254-9920,4,Lounge,https://images.squarespace-cdn.com/content/v1/555a3c9de4b0f32d3a151970/1604337823603-W3AR1OJ236JXF5HPCN4C/982DEFB6-F7C6-4792-926D-9EC5030E4B12.PNG?format=1500w,https://thedelancey.com/,,"""""",bars,nyc
Von,"3 Bleecker St, New York, NY 10012, United States",212-473-3039,4.4,bar,https://images.squarespace-cdn.com/content/v1/5cc4d89f4dd7b100015df1f2/1558297905395-9BIP7D3EO6O1AREV75PX/2019_VonLogo_White.png?format=300w,https://www.vonbar.com/,,"""""",bars,nyc
1291 Pub Inc,"1291 3rd Ave, New York, NY 10021, United States",212-744-0585,n/a,n/a,,,,"""""",bars,nyc
Subject: A Cocktail Bar,"188 Suffolk St, New York, NY 10002, United States",,4.6,Cocktail bar,https://images.squarespace-cdn.com/content/v1/59a6cfeb15d5dbf2569b7b42/1571681803170-6Y6X48WFMBTW8FP8KT2D/subject-logo.png?format=750w,https://www.subject-les.com/,,"""""",bars,nyc
Mercury Bar West,"659 9th Ave, New York, NY 10036, United States",212-262-7755,4.3,Sports bar,https://mercurybarnyc.com/images/adacompliance_red.png?crc=4010162952,https://mercurybarnyc.com/,,"""""",bars,nyc
Le Bar,"225 Liberty St, New York, NY 10281, United States",212-981-8588,4.8,bar,https://images.squarespace-cdn.com/content/v1/57ff53bb5016e106fae78b50/1477328367104-Z1VDR2F4VLRIAUMFX228/ledistrictlogo.png?format=1500w,https://www.ledistrict.com/le-bar,,"""""",bars,nyc
Jameson's,"920 2nd Ave, New York, NY 10017, United States",934-333-4058,4.5,Pub,https://images.getbento.com/accounts/ff0b69ed594e438f21a96b62623115fb/media/images/83547White_on_Transparent_copy.png,https://www.jamesonsbarnyc.com/,,"""""",bars,nyc
Tír na Nóg,"254 W 31st St, New York, NY 10001, United States",212-630-0249,n/a,Irish restaurant,http://www.tirnanognyc.com/templates/default/en/images/tnn-newlogo.png,http://www.tirnanognyc.com/pennstation,,"""""",bars,nyc
Anotheroom,"249 W Broadway, New York, NY 10013, United States",917-388-3720,4.3,bar,,https://anotheroom.business.site/,,"""""",bars,nyc
Saint Tuesday,"24 Cortlandt Alley, New York, NY 10013, United States",,4.2,bar,,https://www.sainttuesday.com/,,"""""",bars,nyc
Ryan Maguire's Bar & Restaurant,"28 Cliff St, New York, NY 10038, United States",212-566-6906,4.5,Irish restaurant,https://static.spotapps.co/web/ryanmaguiresalehouse--com/custom/logo.png,https://ryanmaguiresalehouse.com/,,"""""",bars,nyc
Bar Hugo,"525 Greenwich St, New York, NY 10013, United States",212-608-4848,4.3,bar,https://www.barhugorooftop.com/assets/images/map-pin.jpg,https://www.barhugorooftop.com/?utm_source=google&utm_medium=organic&utm_campaign=business-listing,,"""""",bars,nyc
Bar Room at the Beekman,"123 Nassau St, New York, NY 10038, United States",,3.8,Cocktail bar,https://images.getbento.com/accounts/cfa0cd77f1decedb3a411e9b6ad3dfcc/media/images/7259templecourt.png,https://www.templecourtnyc.com/about-the-bar-room/,,"""""",bars,nyc
The Library Bar,"1001 Broadway, New York, NY 10001, United States",,4.3,bar,,,,"""""",bars,nyc
Belle Reve,"305 Church St, New York, NY 10013, United States",212-680-0101,4.3,bar,https://images.getbento.com/accounts/058cf302b9337e782926cf710c462cf3/media/accounts/media/7yahKqobSFS4bsQ4enYM_whitegoldlogo.png,https://www.bellerevenyc.com/,,"""""",bars,nyc
Roxy Bar,"2 6th Ave, New York, NY 10013, United States",212-519-6661,4.3,bar,https://d3rg18dos0rgue.cloudfront.net/wp-content/uploads/sites/7/2021/05/roxy-bar-logo-white%403x.png,https://www.roxybarnyc.com/,,"""""",bars,nyc
Black Hound Bar & Lounge,"301 South End Ave #1002, New York, NY 10280, United States",212-945-0562,4.3,Lounge,"https://images.getbento.com/accounts/c7c4a3851a0ed58d2ed4819559bf7e32/media/images/BHL.png?w=1000&fit=max&auto=compress,format&h=1000",https://www.blackhoundbar.com/,,"""""",bars,nyc
Peter Dillon's Pub,"130 E 40th St, New York, NY 10016, United States",212-213-3998,4.4,Pub,https://encrypted-tbn0.gstatic.com/images?q=tbn:ANd9GcRF0QMFfcLau7lj7w2LzRafUXVTwJUGv4I0eA&usqp=CAU,https://www.peterdillons.com/,,"""""",bars,nyc
Peak Lounge Bar,"30 Hudson Yards 5th Floor, New York, NY 10001, United States",332-204-8547,4.5,bar,https://www.peaknyc.com/wp-content/themes/peak/library/images/peak-logo-white-2022.png,https://www.peaknyc.com/peak-lounge/,,"""""",bars,nyc
The Brazen Tavern,"356 W 44th St, New York, NY 10036, United States",646-678-5989,4.4,bar,https://scontent.fskt2-1.fna.fbcdn.net/v/t1.6435-9/117175938_3296285297099776_8007390565642685770_n.jpg?_nc_cat=104&ccb=1-7&_nc_sid=973b4a&_nc_ohc=3fkHN7GFhh8AX9u52Ur&_nc_ht=scontent.fskt2-1.fna&oh=00_AfBkwG6r1GQyUeNjptfAXdFPbFWg-jibU-HjEfM0Qe0AJA&oe=64AEDA28,https://thebrazentavern.com/,,"""""",bars,nyc
Bar Orai,"212 E 52nd St 2nd fl, New York, NY 10022, United States",917-261-4726,4.7,bar,,http://instagram.com/bar.orai,,"""""",bars,nyc
King Cole Bar,"Two E 55th St, New York, NY 10022, United States",212-753-4500,4.4,bar,https://cache.marriott.com/content/dam/marriott-digital/xr/global-property-shared/en_us/logo/assets/xr-xr-logo-l-w-15006.png,https://www.marriott.com/en-us/hotels/nycxr-the-st-regis-new-york/dining/,,"""""",bars,nyc
St. Pat's Bar & Grill NYC,"22 W 46th St, New York, NY 10036, United States",332-378-5926,4.3,Bar & grill,https://encrypted-tbn0.gstatic.com/images?q=tbn:ANd9GcSBts5nUCM-HWolS-fMKRfaFHIzk7uUAYA3semYoMYjVdJ-_GRMUjtPR60gBcxRzdPKYIU&usqp=CAU,https://stpatsbar.com/,,"""""",bars,nyc
Grand Bar & Salon,"310 W Broadway, New York, NY 10013, United State",212-965-3588,3.5,bar,https://logos-download.com/wp-content/uploads/2017/01/Soho_Grand_Hotel_logo-700x102.png,https://www.sohogrand.com/dining/grand-bar/,,"""""",bars,nyc
Recreation,"26 Ann St, New York, NY 10038, United States",646-992-5436,4.2,Cocktail bar,"https://static.wixstatic.com/media/a92af5_6a1a9e9e86f14c77ad74f46121c06017~mv2.png/v1/fill/w_198,h_68,al_c,q_85,usm_0.66_1.00_0.01,enc_auto/Recreation%20Green.png",https://www.recreationbar.com/,,"""""",bars,nyc
Beckett's Bar & Grill,"81 Pearl St, New York, NY 10004, United States",212-269-1001,4,Bar & grill,https://images.squarespace-cdn.com/content/v1/63640f115a74b9311175828a/df923bc1-bab1-44c7-a1d8-c63c7ac8e8f5/becketts-logo-version3_darkbeige2.png?format=1500w,https://www.beckettsny.com/,,"""""",bars,nyc
Rooftop Bars NYC,"230 5th Ave, New York, NY 10001, United States",,4.6,bar,,https://rooftopbarsnyc.com/,,"""""",bars,nyc
Mulberry Street Bar,"176 Mulberry St, New York, NY 10013, United States",212-226-9345,4.2,Pizza restaurant,"https://shop-logos.imgix.net/shops/57031/original/mulberry.png?auto=compress,format",https://www.mulberrystreetbarmenu.com/?utm_source=gbp,,"""""",bars,nyc
The Crown,"50 Bowery, New York, NY 10013, United States",646-639-4901,4.2,bar,https://images.getbento.com/accounts/211f6adf1310b8cfd29a2effee4a357b/media/images/95842THE-CROWN-LOGO.png,https://www.thecrownnyc.com/,,"""""",bars,nyc
Rumours Bar & Grille,"933 8th Ave, New York, NY 10019, United States",212-757-2373,4.2,Irish restaurant,https://static.spotapps.co/web/rumoursbar--com/custom/logo.png,https://rumoursbar.com/,,"""""",bars,nyc
Overstory,"70 Pine St 64th Floor, New York, NY 10005, United States",212-339-3963,4.5,Cocktail bar,https://theme-assets.getbento.com/overstory/3de57c7.overstory/assets/img/logo_red_full.png,https://www.overstory-nyc.com/,,"""""",bars,nyc
Oscar Wilde,"45 W 27th St, New York, NY 10001, United States",212-213-3066,4.3,New American restaurant,https://images.squarespace-cdn.com/content/v1/5845a812893fc0759873e11b/1496174401921-33JPEDJ81V26906BK6N2/image-asset.png?format=300w,https://www.oscarwildenyc.com/#welcome,,"""""",bars,nyc
The Garden Bar,"19 Fulton St, New York, NY 10038, United States",212-732-8257,4,bar,,https://makitiki.com/,,"""""",bars,nyc
The Bar Room,"117 E 60th St, New York, NY 10022, United States",212-561-5523,4.3,American restauran,https://www.themodernnyc.com/,http://www.thebarroomnyc.com/,,"""""",bars,nyc
W XYZ Bar and Lounge at Aloft Manhattan Downtown,"49-53 Ann St, New York, NY 10038, United States",212-513-0003,4.2,Lounge,https://cblproperty.blob.core.windows.net/production/assets/blt6d19f12891183e49-W%20XYZ%20Logo.png,http://www.aloftmanhattandowntown.com/financial-district-bar,,"""""",bars,nyc
Rockbar NYC,"185 Christopher St, New York, NY 10014, United States",212-675-1864,4.4,Bar,http://www.rockbarnyc.com/assets/rockbar_logo_white-4dc1912b8c2bf29d90c03da76e5caa57cde7eb14185457e01e68eaf8163c10c9.png,http://www.rockbarnyc.com/,,"""""",bars,nyc
Bowery Beer Garden,"93 Bowery, New York, NY 10002, United States",212-343-8111,4,Beer garden,"https://static.wixstatic.com/media/83e1b9_939c68a68d594467bf9d53cdcdcd052e~mv2.jpg/v1/fill/w_167,h_63,al_c,q_80,usm_0.66_1.00_0.01,enc_auto/83e1b9_939c68a68d594467bf9d53cdcdcd052e~mv2.jpg",http://www.thebowerybeergarden.com/,,"""""",bars,nyc
Onieal's,"174 Grand St, New York, NY 10013, United States",212-941-9119,4.3,American restauran,http://images.squarespace-cdn.com/content/v1/54651e38e4b011167bec94c7/1424202107089-KLBV8YG2XMMNPYTP8VOC/onieals_logo_rgb+%282%29.jpg?format=1500w,http://onieals.com/soho,,"""""",bars,nyc
Tiny's & The Bar Upstairs,"135 W Broadway, New York, NY 10013, United States",212-374-1135,4.4,American restauran,https://images.getbento.com/accounts/b1326df07949e7dee811201cf91a77a7/media/images/38389Tiny_s_Logo_1.png,http://www.tinysnyc.com/,,"""""",bars,nyc
Sunken Harbor Club,"372 Fulton St 2nd Floor, Brooklyn, NY 11201, United States",,4.9,Cocktail bar,"https://images.getbento.com/accounts/01e00818a7c206a52f282e3ab9590831/media/images/SHC_logo_green_gold.png?w=1000&fit=max&auto=compress,format&h=1000",https://www.gageandtollner.com/sunken-harbor-club/,,"""""",bars,nyc
Baretto New York,"60 E 49th St, New York, NY 10017, United States",646-869-5400,5,bar,,https://www.fasanorestaurantny.com/baretto/,,"""""",bars,nyc
Gilligan's,"310 W Broadway, New York, NY 10013, United States",212-965-3271,4.1,Cocktail bar,https://d3rg18dos0rgue.cloudfront.net/wp-content/uploads/sites/10/2022/07/gilligans-logo.png,http://www.gilligansnyc.com/,,"""""",bars,nyc
Bar at Momofuku Ko,"8 Extra Pl, New York, NY 10003, United States",,4.7,Cocktail bar,,https://ko.momofuku.com/home/menu/,,"""""",bars,nyc
Puffy's Tavern,"81 Hudson St, New York, NY 10013, United States",212-227-3912,4.4,Gastropub,https://scontent.fskt2-1.fna.fbcdn.net/v/t39.30808-6/301684023_480942920705681_4402543039492973081_n.jpg?_nc_cat=100&ccb=1-7&_nc_sid=09cbfe&_nc_ohc=yFbajoJcFb0AX-V4PdC&_nc_ht=scontent.fskt2-1.fna&oh=00_AfDXDOps4JRWVfJ9ecbndolp4yJcDfj2umOPWLOGHRTohw&oe=648D1B30,http://www.puffystavern.nyc/,,"""""",bars,nyc
Banzarbar,"2 Freeman Alley, New York, NY 10002, United States",212-420-0012,4.7,bar,https://images.squarespace-cdn.com/content/v1/5a1c85efbe42d6a9486dbad7/1515690067513-4D0KL4SLJ4VR80C9Z1IC/Logo.png?format=1500w,https://www.banzarbar.com/,,"""""",bars,nyc
Loopy Doopy Rooftop Bar,,212-945-0100,4,Restaurant,,https://www.hilton.com/en/hotels/nyccici-conrad-new-york-downtown/dining/loopy-doopy-rooftop-bar/?SEO_id=GMB--R-NYCCICI-1&y_source=1_MTk1OTQ3MjItNzE1LWxvY2F0aW9uLndlYnNpdGU%3D,,"""""",bars,nyc
Our/New York Bar & Vodka Distillery,"151 W 26th St, New York, NY 10001, United States",646-753-5556,4.6,Cocktail bar,https://images.squarespace-cdn.com/content/v1/61a6573ed6a94c67f4958446/4459ae49-6d0d-4677-9e1e-66c33f3d2116/our_new_york_white.png?format=1500w,https://www.ournewyorkvodka.com/,,"""""",bars,nyc
Full Shilling,"160 Pearl St #1, New York, NY 10005, United States",212-422-3855,4.3,Irish restaurant,http://www.thefullshilling.com/wordpress/wp-content/uploads/2016/11/logo.png,http://www.thefullshilling.com/,,"""""",bars,nyc
Reception Bar,"45 Orchard St, New York, NY 10002, United States",646-490-4053,4.6,Bar,https://images.squarespace-cdn.com/content/v1/5b43d59db40b9d355958ca99/1531181166025-Y2CI3FLRPF79CIW8CWFP/RECEPTION_LOGO.png?format=1500w,http://receptionbar.nyc/,,"""""",bars,nyc
Peter Dillon's 36th,"2 E 36th St, New York, NY 10016, United States",212-300-4091,4.5,Pub,,http://peterdillons.com/,,"""""",bars,nyc
Bar Moga,"128 W Houston St, New York, NY 10012, United States",929-399-5853,4.5,Cocktail bar,https://images.squarespace-cdn.com/content/v1/5892238dbe65942118bec136/1493231802860-8OJHQDOYL5192457IZFG/Moga_Logo_C_Transparent.png?format=original,http://www.barmoga.com/,,"""""",bars,nyc
The Hideaway Tribeca,"185 Duane St A, New York, NY 10013, United States",212-334-5775,4.2,Bar,https://images.squarespace-cdn.com/content/v1/56a50a461f40397dbaf977f3/d53c253f-5f1f-49c3-a1a2-e230e3f2f6f5/website+logo.png?format=1500w,http://thehideawaynyc.com/,,"""""",bars,nyc
Ty's Bar NYC,"114 Christopher St, New York, NY 10014, United States",12127419641,4.5,Bar,https://tys.nyc/wp-content/uploads/2019/12/tys-logo-white.png,http://tys.nyc/,,"""""",bars,nyc
The Cauldron,"47 Stone St, New York, NY 10004, United States",732-538-7630,4.3,Pub,https://thecauldron.io/sites/thecauldron/images/logo-white-co.png,http://thecauldron.io/nyc,,"""""",bars,nyc
The Triple Crown Ale House,"330 7th Ave, New York, NY 10001, United States",212-736-1575,4,Bar,http://triplecrownnyc.com/wp-content/uploads/2020/06/TRIPLE_CROWN_HD_LOGOv2mobile_48688de996aa0cec6e8286c8f4081d10-1.png,http://www.triplecrownnyc.com/,,"""""",bars,nyc
The Irish American Pub,"17 John St, New York, NY 10038, United States",646-414-6223,4.4,Irish pub,https://www.irishamericanpubnyc.com/img/irishAmericanLogo.png,http://www.irishamericanpubnyc.com/,,"""""",bars,nyc
Winnie’s Bar,"58 E Broadway 2nd fl, New York, NY 10002, United States",646-838-8880,4.2,Karaoke bar,,,,"""""",bars,nyc
Helen's New York,"22 1/2 9th Ave, New York, NY 10014, United States",646-998-5136,4.8,Bar,https://helensnewyork.com/wp-content/uploads/2019/03/Helens-Logo_New.png,https://helensnewyork.com/,,"""""",bars,nyc
Blarney Stone,"11 Trinity Pl, New York, NY 10006, United States",646-669-8197,4,Bar,,,,"""""",bars,nyc
Cat sports pub,"96 Greenwich St, New York, NY 10006, United States",917-261-6272,4.5,Bar,https://images.squarespace-cdn.com/content/v1/630f9ec69f123067e9605158/6179190c-7a97-415a-b8f6-4596321b631d/6261c255ae1f9730ea922a12_Irregulars+Logo+Secondary+Large-p-1080+1+%281%29.png?format=1500w,https://catsportspub.com/,,"""""",bars,nyc
Baker Street Irregulars,"1152 1st Ave., New York, NY 10065, United States",646-490-7295,4.2,Pub,,https://www.irregularsnyc.com/,,"""""",bars,nyc
Irish Punt,"40 Exchange Pl, New York, NY 10005, United States",212-422-7868,4.2,Bar,,https://www.facebook.com/The-Irish-Punt-120499437962602/,,"""""",bars,nyc
Tavern On Reade,"59 Reade St, New York, NY 10007, United States",212-349-5959,4.3,Bar & grill,https://static.spotapps.co/web/tavernonreade--com/custom/logo.png,https://www.tavernonreade.com/,,"""""",bars,nyc
T.J. Byrnes Bar & Restaurant,"77 Fulton St, New York, NY 10038, United States",212-406-4551,4.3,Irish pub,https://images.squarespace-cdn.com/content/v1/607deedc97cfc54a67e17e97/1618963062332-S3MDFCBQ6KBRYWCGX53X/TJLogoEmail.jpg?format=1500w,http://www.tjbyrnes.com/,,"""""",bars,nyc
Margarita Bar NYC,"4 South St, New York, NY 10004, United States",917-338-0315,4.2,Bar,https://encrypted-tbn0.gstatic.com/images?q=tbn:ANd9GcQeFiOi49y2Z4t1JCPgOGT6DotfRQ-t5hBdxxa3rPTDFw&s,http://www.margaritabarnyc.com/aboutcontact/,,"""""",bars,nyc
Club Bar & Grill,"4 Pennsylvania Plaza, New York, NY 10001, United States",212-465-6290,4.5,Bar & grill,https://assets.msg.com/logos/MadisonSquareGardenEntertainment_White.svg,http://www.thegarden.com/about/bars-restaurants.html,,"""""",bars,nyc
Carragher's,"Basement Bar, 17 John St, New York, NY 10038, United States",46-414-6223,4.4,Gastropub,https://images.squarespace-cdn.com/content/v1/62d71ed449e81c62227cac88/f06ab68d-478d-41b0-979b-89898d974b8d/Carraghgers_logo_gold.png?format=1500w,https://www.carraghersnyc.com/,,"""""",bars,nyc
Sir John's Bar and Grill,"18 W 33rd St, New York, NY 10001, United States",917-686-1804,4.1,Bar,,,,"""""",bars,nyc
Trinity Place,"115 Broadway, New York, NY 10006, United States",212-964-0939,4.4,American restaurant,https://static.spotapps.co/web/trinityplacenyc--com/custom/logo.png,http://www.trinityplacenyc.com/,,"""""",bars,nyc
Sky55 bar and grill,"55 Water St, New York, NY 10041, United States",646-590-6556,4.5,Bar & grill,https://masterpiececaterers.com/wp-content/uploads/2018/10/logo-mobile-standard-2.png,http://www.masterpiececaterers.com/55-water-st/sky-55/,,"""""",bars,nyc
Five & Dime,"8 Park Pl, Tribeca, NY 10007, United States",,4.5,Cocktail bar,https://fivedime.nyc/wp-content/uploads/2019/09/FD-Horizontal-Blk-wht-Logo-R-Converted-e1614969605732.png,http://fivedime.nyc/,,"""""",bars,nyc
O'Hara's Restaurant and Pub,"120 Cedar St, New York, NY 10006, United States",212-267-3032,4.6,American restaurant,,https://www.facebook.com/OharasPubNYC/,,"""""",bars,nyc
Primo's,"129 Chambers St, New York, NY 10007, United States",,4.5,Bar,https://static1.squarespace.com/static/ta/5a95ea20f93fd4608ccbbdd0/0/assets/images/dev/bird-cream-black.png,http://www.primostribeca.com/,,"""""",bars,nyc
Stout NYC,"90 John St, New York, NY 10038, United States",212-240-9122,4.2,Bar,https://images.getbento.com/accounts/b6bbbbf288efff1f22635abb9e9f66ce/media/images/541946986logo.png,https://www.stoutnyc.com/,,"""""",bars,nyc
Fraunces Tavern,"54 Pearl St, New York, NY 10004, United States",212-968-1776,4.5,American restaurant,https://static.spotapps.co/website_images/ab_websites/2802_website/logo_new.png,http://www.frauncestavern.com/,,"""""",bars,nyc
HiLot,"102 Loisaida Ave, New York, NY 10009, United States",917-444-1108,4.7,Cocktail bar,,http://www.hilot.nyc/,,"""""",bars,nyc
Mehanata Bulgarian Bar,"113 Ludlow St, New York, NY 10002, United States",12126250981,4.2,Night club,https://mehanatanyc.com/wp-content/uploads/2022/04/mehanata-logo-1-1.png,http://www.mehanatanyc.com/,,"""""",bars,nyc
Tribeca Social,"6 Murray Street, New York, NY 10007, United States",646-454-0344,4.2,Bar,https://tribecasocialny.com/wp-content/uploads/2022/03/TRIBECASOCIAL-MOBILEICON-2022.png,http://www.tribecasocialny.com/,,"""""",bars,nyc
Treadwell Park,"301 South End Ave, New York, NY 10280, United States",212-945-0528,4.3,Bar,https://images.getbento.com/5hXIAnxRkCA1i9lbBagM_tp-logo-2.png,https://www.treadwellpark.com/location/downtown/,,"""""",bars,nyc
The Flower Shop Rooftop,"Rooftop, 77 Walker St, New York, NY 10013, United States",917-868-1539,4.4,Cocktail bar,,,,"""""",bars,nyc
East End Bar & Grill,"1672 3rd Ave, New York, NY 10128, United States",212-348-3783,4.5,Sports bar,,http://www.eastendbar.com/,,"""""",bars,nyc
The Cock,"93 2nd Ave, New York, NY 10009, United States",,3.8,Gay bar,http://thecockbar.com/wp-content/uploads/2020/12/COCK-LOGO-small.png,http://thecockbar.com/,,"""""",bars,nyc
Socialista New York,"376 W Broadway b, New York, NY 10012, United States",,3.8,Lounge,"https://static.wixstatic.com/media/a4d0a3_a0fce91dd9cc4769a32dc585a7f5e75c~mv2.png/v1/fill/w_126,h_103,al_c,q_85,usm_0.66_1.00_0.01,enc_auto/logo.png",http://www.socialistalounge.com/,,"""""",bars,nyc
Broadstone Bar & Kitchen,"88 Broad St, New York, NY 10004, United States",646-707-0426,4.3,Bar & grill,https://images.squarespace-cdn.com/content/v1/62cdaf52d613526f48f5031d/16ad52fa-bbef-46e7-8998-5189c74306e1/Broadstone%2B%281%29+%282%29.png?format=1500w,http://www.broadstonenyc.com/,,"""""",bars,nyc
Smith & Mills,"71 N Moore St, New York, NY 10013, United States",46-858-1433,4.4,Bar,https://images.getbento.com/accounts/8c646fbfced70875fcd1b79eafca90c5/media/images/76063smithmills-logo.png,http://smithandmills.com/,,"""""",bars,nyc
Refinery Rooftop,"63 W 38th St, New York, NY 10018, United States",646-663-5951,4.4,Restaurant,https://refineryrooftop.com/wp-content/uploads/2019/02/logo.png,http://refineryrooftop.com/,,"""""",bars,nyc
"Captain's Cafe Bar and Grill New York, NY","18 E 33rd St, New York, NY 10016, United States",212-779-0003,4.5,Bar & grill,,https://captains-bar-and-grill-new-york-ny.business.site/,,"""""",bars,nyc
Pubkey,"85 Washington Pl, New York, NY 10011, United States",305-773-4249,4.8,Pub,https://pubkey.bar/images/logo.svg,http://pubkey.bar/,,"""""",bars,nyc
Milady's,"160 Prince St, New York, NY 10012, United States",646-484-6402,4.6,Restaurant,https://images.squarespace-cdn.com/content/v1/630381a05c3e1851ca837492/bc4949fa-5698-40e9-a5ae-9dae3e812e35/MIL_Logo_Wordmark_Cream.png?format=500w,https://www.miladysnyc.com/,,"""""",bars,nyc
The Tuck Room,"11 Fulton St, New York, NY 10038, United States",212-776-8273,4.1,New American restaurant,,https://www.thetuckroom.com/?utm_source=google&utm_medium=local_listings&utm_campaign=yext,,"""""",bars,nyc
Barely Disfigured,"257 Smith St, Brooklyn, NY 11231, United States",718-858-5646,4.8,Cocktail bar,https://uploads-ssl.webflow.com/609ecf32c30a8e06a72071a7/60ba530c68a57a376660444d_BarelyDisfigured_address.svg,http://www.barelydisfigured.com/,,"""""",bars,nyc
Julius',"159 W 10th St, New York, NY 10014, United States",877-746-0528,4.5,Gay bar,,http://juliusbarny.com/,,"""""",bars,nyc
SoHo Cigar Bar,"32 Watts St, New York, NY 10013, United States",212-941-1781,4.6,Cocktail bar,https://images.squarespace-cdn.com/content/v1/63f41572131cec38e6c21a43/896cceba-ecb2-44f9-b498-e0a681e8a3e2/Copper+Soho+Logo.png?format=1500w,http://www.sohocigarbar.com/,,"""""",bars,nyc
Mudville9,"126 Chambers St, New York, NY 10007, United States",212-964-9464,4.2,Pub,https://scontent.fskt2-1.fna.fbcdn.net/v/t39.30808-6/294965778_420678116743027_4975349143128701482_n.png?_nc_cat=110&ccb=1-7&_nc_sid=09cbfe&_nc_ohc=XqLeUReqP-MAX-beNCS&_nc_ht=scontent.fskt2-1.fna&oh=00_AfBIMEmC6JZZ8B9Rt7TNqMA0jT2OjflOgrQIWeOkh94uQg&oe=648CA321,http://www.mudville9.com/?y_source=1_MTgyMzIzMzEtNzE1LWxvY2F0aW9uLndlYnNpdGU%3D,,"""""",bars,nyc
Buddha-Bar Restaurant New York,"62 Thomas St, New York, NY 10013, United States",212-256-0360,3.9,Asian fusion restaurant,https://www.buddhabarnewyork.com/app/uploads/2021/06/buddhabarlogo-2-e1622709238566.png,https://www.buddhabarnewyork.com/,,"""""",bars,nyc
Pulqueria Restaurant & Agave Bar,"11 Doyers St, New York, NY 10013, United States",917-261-4116,4.3,Mexican restauran,https://static.spotapps.co/website_images/ab_websites/7386_website/logo_2_new.png,https://blueagavenyc.com/,,"""""",bars,nyc
Split Eights,"40 Exchange Place Ground Floor, New York, NY 10005, United States",646-799-9575,4.6,Cocktail bar,https://images.squarespace-cdn.com/content/v1/5f99d9f7d15295592f9644f8/1603934775671-Q57LMKGI48TPJIFUNJMJ/S8_Logo+-+Bodoni.png?format=1500w,http://www.spliteightsnyc.com/,,"""""",bars,nyc
American Bar - New York,"33 Greenwich Ave, New York, NY 10014, United States",12-370-4600,3.9,Restaurant,https://images.getbento.com/iUid6VR6QBekzTtf1Qkc_logo-light.png,http://www.americanbarnyc.com/,,"""""",bars,nyc
Walker's,"16 N Moore St, New York, NY 10013, United States",212-941-0142,4.5,American restaurant,https://images.squarespace-cdn.com/content/v1/5fa36a06c8e4c154e5e89156/1606096739163-VV99EDN76RAA128O00M0/bwlogo.png?format=1500w,http://walkersbarnyc.com/,,"""""",bars,nyc
Westlight,"111 N 12th St, Brooklyn, NY 11249, United States",718-307-7100,4.3,Cocktail bar,https://images.getbento.com/accounts/e911161024a627d84acd70f29ca7b56f/media/images/38528westlight.png,https://www.westlightnyc.com/,,"""""",bars,nyc
Canary Club,"303 Broome St, New York, NY 10002, United States",,4.4,Restaurant,https://images.squarespace-cdn.com/content/v1/5da65e3eeffe46000d768cd9/1571184229740-WXVRAOCGNJWPPJRELI8J/CC_logo_pink.png?format=original,http://www.canaryclubnyc.com/,,"""""",bars,nyc
Terroir,"24 Harrison St, New York, NY 10013, United States",212-625-9463,4.5,Wine bar,https://images.getbento.com/q8dAeOlHRom8PBtxb4vg_logo-black.png,http://www.wineisterroir.com/,,"""""",bars,nyc
local descolado,"122 St Marks Pl, New York, NY 10009, United States",,,,,,,"""""",bars,nyc
The Django,"2 6th Avenue The Roxy Hotel, Cellar Level, New York, NY 10013, United States",212-519-6649,4.2,Jazz club,https://d3rg18dos0rgue.cloudfront.net/wp-content/uploads/sites/6/2023/06/Wayne-Django.jpg,http://www.thedjangonyc.com/,,"""""",bars,nyc
Double Chicken Please,"115 Allen St, New York, NY 10002, United States",646-678-5452,4.5,Cocktail bar,https://encrypted-tbn0.gstatic.com/images?q=tbn:ANd9GcTvxLiG2KgNk3OORGBpe3C2U6jynFDoBAlDj6kvruO32w&s,http://www.doublechickenplease.com/,,"""""",bars,nyc
Bar 8 à 10 pour Catherine & cie,,"Address: 304 Bowery, New York, NY 10012, United States",,,,,,"""""",bars,nyc
Bikini Bar TriBeCa,"148C Duane St, New York, NY 10013, United States",212-797-7997,4.5,Bar,,http://facebook.com/BikiniBarTriBeCa,,"""""",bars,nyc
Temple Court,"5 Beekman St, New York, NY 10038, United States",212-658-1848,4.5,Fine dining restaurant,https://images.getbento.com/accounts/cfa0cd77f1decedb3a411e9b6ad3dfcc/media/images/7259templecourt.png,https://www.templecourtnyc.com/,,"""""",bars,nyc
128 Bar & Bistro,"128 E 63rd St, New York, NY 10065, United States",212-838-2560,,212-838-2560,,https://societyillustrators.org/,,"""""",bars,nyc
The York,"186 Avenue B, New York, NY 10009, United States",646-998-4138,5,Pub,,http://theyork.nyc/,,"""""",bars,nyc
Bill's Bar & Burger,"85 West St, New York, NY 10006, United States",212-894-3800,4.2,Hamburger restaurant,https://images.getbento.com/accounts/fb707fea4db9f8bd2a3c03af160d32b5/media/images/71695Bills_NewYork_Oval_logo2x.png,https://www.billsbarandburger.com/location/bills-bar-and-burger-downtown-nyc/,,"""""",bars,nyc
"Wogies Bar & Grill, FIDI","44 Trinity Pl, New York, NY 10006, United States",212-785-2838,4.2,Bar & grill,https://images.sirved.com/ChIJ9yiUJxFawokRW2rVCZCzxSA/u7mpKuiZF2.png,http://wogies.com/,,"""""",bars,nyc
1803 NYC,"82 Reade St, New York, NY 10007, United States",201-596-8722,4.5,Creole restaurant,https://1803nyc.com/wp-content/uploads/2022/02/white1803_02-02-1024x477.png,https://1803nyc.com/,,"""""",bars,nyc
Manhatta,"28 Liberty St 60th floor, New York, NY 10005, United States",,4.6,New American restaurant,https://images.getbento.com/accounts/1cf2b7830837af2c4dafd105dc16b240/media/images/66572manhatta-large.png,https://www.manhattarestaurant.com/?utm_source=GoogleBusinessProfile&utm_medium=Website&utm_campaign=MapLabs,,"""""",bars,nyc
City Winery New York City,"25 11th Ave, New York, NY 10011, United States",646-751-6033,4.2,Live music venue,https://citywinery.com/content/Images/CW_Logos/CW-NYC-logo-wht.png,https://citywinery.com/newyork,,"""""",bars,nyc
Balzem,"202 Mott St, New York, NY 10012, United States",646-837-7033,4.3,Mediterranean restaurant,,,,"""""",bars,nyc
Holy Ground,"112 Reade St, New York, NY 10013, United States",646-882-0666,4.5,Steak house,https://images.squarespace-cdn.com/content/v1/5a58dd0dd74cff6c4f0a5c51/1528290616473-UDCWHY8Y7UJRS155IHH4/HGLogo.png?format=1500w,http://holygroundnyc.com/,,"""""",bars,nyc
Coco Bistro,"36 Peck Slip, New York, NY 10038, United States",212-346-9090,4.4,French restaurant,,,,"""""",bars,nyc
Terra,"225 W Broadway, New York, NY 10013, United States",212-625-0900,4.2,Italian restaurant,https://terrawinebar.com/wp-content/uploads/2022/06/Terra-logo.png,https://www.terrawinebar.com/,,"""""",bars,nyc
Fasano Caffè,"5th Avenue, 62nd E 63rd St #815, New York, NY 10065, United States",646-512-0089,,,,,,"""""",bars,nyc
Living Room Bar & Terrace,"8 Albany St, New York, NY 10006, United States",646-826-8641,4.4,Bar,,http://www.starwoodhotels.com/whotels/property/dining/attraction_detail.html?attractionId=1005195942&propertyID=3154,,"""""",bars,nyc
El Vez and Burrito Bar,"259 Vesey St, New York, NY 10282, United States",212-233-2500,4.3,Mexican restaurant,https://encrypted-tbn0.gstatic.com/images?q=tbn:ANd9GcTpjCfVdNfR2cHL0B7nUG9G2yRDXJxlyilDncmf4vT7Fw&s,https://elveznyc.com/?utm_source=Google%20My%20Business&utm_medium=Website%20Button,,"""""",bars,nyc
Bartley Dunnes,"160 W 54th St, New York, NY 10019, United States",646-771-9214,,Irish Pub,https://bartleydunnesnyc.com/wp-content/uploads/2023/04/BARTLEY_LOGO.png,https://bartleydunnesnyc.com/,,"""""",bars,nyc
World Bar,"845 United Nations Plaza, New York, NY 10017, United States",212-935-9361,3.9,Bar,https://images.squarespace-cdn.com/content/v1/5edfdaf0ed9d5b2912833ec3/1597151095317-AVS74D115IVSR8TOCH1U/HH_logo-1.png?format=1500w,http://www.hospitalityholdings.com/,,"""""",bars,nyc
Fish Market,"111 South St, New York, NY 10038, United States",17-363-8101,4.6,Sports bar,,,,"""""",bars,nyc
Ed's Lobster Bar,"155 Grand St, New York, NY 10013, United States",212-343-3236,4.3,Seafood restaurant,https://images.getbento.com/accounts/d54a45e499d8811d70898ac5a3714150/media/images/18310LOGO.png,https://www.lobsterbarnyc.com/,,"""""",bars,nyc
Copper Barrel,"6 Murray Street #1, New York, NY 10007, United States",212-323-7100,2,Bar,,,,"""""",bars,nyc
Ny Bar Group,"205 E 42nd St, New York, NY 10292, United States",,,Bar,,,,"""""",bars,nyc
The Blue Bar at India House,"1 Hanover Square, New York, NY 10004, United States",,4.2,Bar,,http://www.masterpiececaterers.com/india-house/blue-bar/,,"""""",bars,nyc
BOYLE CENTRAL,"45 W 46th St, New York, NY 10036, United States",,5,Irish Pub,,,,"""""",bars,nyc
Biny Karaoke Bar & Lounge,"8 Thompson St, New York, NY 10013, United States",212-334-5490,4.2,Bar,https://www.biny.com/images/Logo-BINY-Web.png,http://www.biny.com/,,"""""",bars,nyc
The rits,"331 W 43rd St, New York, NY 10036, United States",,,Bar,,,,"""""",bars,nyc
St. George Tavern,"103 Washington St, New York, NY 10006, United States",212-240-9868,3.9,Bar & grill,,http://www.stgeorgetavernnyc.com/,,"""""",bars,nyc
"AOA Bar & Grill, 35 Avenue of the Americas","35 6th Ave, New York, NY 10013, United States",,4,Bar & grill,,,,"""""",bars,nyc
K-One Karaoke Bar,"97 Bowery, New York, NY 10002, United States",212-925-1999,3.4,Karaoke bar,,http://www.konektv.com/,,"""""",bars,nyc
Music Girl,"New York, NY 10018, United States",,5,Bar,,,,"""""",bars,nyc
Start St.Patrick's Day Parade,"New York, NY 10017, United States",,5,Bar,,,,"""""",bars,nyc
Market Bar & Cafe,"41 Monroe St, New York, NY 10002, United States",212-571-1060,4.6,American restaurant,,https://www.seamless.com/menu/ccs-cafe-41-monroe-st-new-york/265909?utm_source=seamless_iosapp&utm_medium=content_owned&utm_campaign=menushare,,"""""",bars,nyc
THE ROOF,"215 Chrystie St, New York, NY 10002, United States",212-735-6000,4,Bar,,https://www.publichotels.com/restaurants-and-bars/the-roof,,"""""",bars,nyc
Butterfly Soho,"60 Thompson St, New York, NY 10012, United States",212-219-3200,3.7,Bar,https://images.squarespace-cdn.com/content/v1/546fb2cfe4b0feb6d5801056/ce15f0a6-6a3a-45a3-b99d-565df6172473/butterfly2+copy.png?format=1500w,http://www.butterflysoho.com/,,"""""",bars,nyc
760 Club,"760 8th Ave, New York, NY 10036, United States",,4.2,Night club,,,,"""""",clubs,nyc
Mission NYC,"229 W 28th St, New York, NY 10001, United States",16468500466,2.3,Night club,,,,"""""",clubs,nyc
Paradise Club,"20 Times Square, 701 7th Ave, New York, NY 10036, United States",13475445163,3.7,Night club,https://uploads-ssl.webflow.com/62e006eb8029ce00ebc0b80f/6327724e0bde353b0d0e3a94_Paradise_Club_Logo%402x-p-500.png,http://www.theparadiseclubnyc.com/,,"""""",clubs,nyc
Musica Club NYC,"637 W 50th St, New York, NY 10019, United States",12127471007,3.1,Night club,https://www.musicaclubs.com/musicaclubs-logo-mobile.jpg,http://www.musicaclubs.com/,,"""""",clubs,nyc
LAVO Nightclub,"40 E 58th St, New York, NY 10022, United States",12125842700,2.8,Night club,,https://taogroup.com/venues/lavo-nightclub-new-york/,,"""""",clubs,nyc
TAO Downtown Nightclub,"369 W 16th St, New York, NY 10011, United States",212-888-1440,2.8,"Night club in New York City, New York",https://taogroup.com/,https://taodowntown.com/nightclub/,,"""""",clubs,nyc
Retroclubnyc,"9 E 45th St, New York, NY 10017, United States",516-606-5710,4.1,Night club,,http://www.retroclubnyc.com/,,"""""",clubs,nyc
Club 51 NYC,"627 W 51st St 2nd floor, New York, NY 10019, United States",347-948-5151,,,https://club51nyc.com/wp-content/uploads/2022/12/51logo.png,https://club51nyc.com/,,"""""",clubs,nyc
1879 Club,"New York, NY 10119, United States",,,,,,,"""""",clubs,nyc
Rumpus Room,"249 Eldridge St, New York, NY 10002, United States",212-777-5153,4.4,"Night club in New York City, New York",https://images.getbento.com/accounts/e40fbce5352259ebc9bf57010e53aef4/media/accounts/media/OxdUsKQ3SHKxL5fwYN9E_rumpus%20room%20png.png,http://www.rumpusroomnyc.com/,,"""""",clubs,nyc
Vision NYC Club,"514 W 42nd St, New York, NY 10036, United States",13477249386,,Night club,,https://www.visionnyc.co/,,"""""",clubs,nyc
Club Prada,"150 W 56th St Unit 3509, New York, NY 10019, United States",,4.9,Lounge,,,,"""""",clubs,nyc
"Somewhere Nowhere NYC - Lounge, Nightclub & Rooftop Pool","112 W 25th St, New York, NY 10001, United States",12124047969,2.7,Night club,https://somewherenowherenyc.com/wp-content/uploads/2022/03/favicon-logo-white.png.webp,https://www.somewherenowherenyc.com/,,"""""",clubs,nyc
Level 3 Nightclub,"605 W 48th St, New York, NY 10036, United States",,4.7,Night club,,,,"""""",clubs,nyc
Bowery New York,"125 W 26th St, New York, NY 10001, United States",,,Night club,,,,"""""",clubs,nyc
Club Cache,"35 E 13th St 2nd fl, New York, NY 10003, United States",19176848584,4,Night club,https://www.clubcachenyc.com/uploads/1/1/6/2/116239261/editor/club-cache-logo-merged.png?1672700875,http://www.clubcachenyc.com/,,"""""",clubs,nyc
Red Rabbit Club,"408 W 15th St, New York, NY 10011, United States",17189163690,2.6,Night club,,,,"""""",clubs,nyc
Club Rapture,"4 Pennsylvania Plaza, New York, NY 10001, United States",,5,Lohan Club,,,,"""""",clubs,nyc
Lohan Club,"512 W 42nd St Dept Lohan, New York, NY 10036, United States",,,Night club,,,,"""""",clubs,nyc
The Shelter,"150 Varick St, New York, NY 10013, United States",,4.7,Dance club,https://blogger.googleusercontent.com/img/a/AVvXsEgUcp2tMdTPpogvPUfjP5Nl1EHvhXdXkeHpOJC04l4n29-P5UXQK70Xevp-L9QNXaSc0fYEA540kxis805_JGdlzHj4BxqR5Jzf6hQ5BYDBvvtXNnfDIf3XpAV0-EsEm6qFOFKWJ7cgyYyDVGtl_Oph7-7tOrBa-p0rBhObeKJYhz4vCC8wjHytTYD5QQ=s752,https://www.timmyregisford.com/,,"""""",clubs,nyc
The Tunnel Nightclub,"220 12th Ave, New York, NY 10001, United States",,4.4,Night club,,,,"""""",clubs,nyc
205 Club,"205 Chrystie St, New York, NY 10002, United States",19176740937,2.9,Lounge,,http://www.205club.com/,,"""""",clubs,nyc
"INKwell Club, Cruise & Concerts","Bet. 11th Ave & West Side Highway, 621 W 46th St, New York, NY 10036, United States",16466968879,4.5,Night club,https://s3.amazonaws.com/uniiverse_production/photos/607b9667730a0b01d53fa400/medium/Logo_Bk_Wht.jpg?1618712171,https://www.universe.com/users/inkwell-club-cruise-concerts-TY5L80,,"""""",clubs,nyc
Da Club,"68 White St, New York, NY 10013, United States",,4.8,Night club,,,,"""""",clubs,nyc
La Victoria NYC,"357 W 16th St, New York, NY 10011, United States",19177437320,3.2,Night club,https://lavictorianyc.com/wp-content/uploads/2022/11/LVNYC-light-1.png,https://lavictorianyc.com/,,"""""",clubs,nyc
42 d'Or,"512 W 42nd St, New York, NY 10036, United States",646-450-7208,2.5,Night club,,https://www.42dor.com/,,"""""",clubs,nyc
Night Encounters New York,"599 Lexington Ave, New York, NY 10022, United States",914-548-1275,5,Night club,https://images.squarespace-cdn.com/content/v1/52c1cc70e4b054ed0b4b884e/1388949578866-8SVQHM7WQMJMDIXLNIGC/logo.png?format=1500w,https://www.newyorkencounter.org/,,"""""",clubs,nyc
Copacabana Nightclub,"625 W 51st St, New York, NY 10019, United States",19175591779,3.5,Night club,https://img.evbuc.com/https%3A%2F%2Fcdn.evbuc.com%2Fimages%2F224601399%2F796059711203%2F1%2Foriginal.20220205-153142?w=512&auto=format%2Ccompress&q=75&sharp=10&rect=0%2C159%2C905%2C905&s=4a9e8799b7d0f7cf9d80e3c997f319a9,https://thecopanyc.com/,,"""""",clubs,nyc
China Club,"268 W 47th St, New York, NY 10036, United States",,4,Night club,,http://www.chinaclubnyc.com/,,"""""",clubs,nyc
Green Lady,"Basement, 50 Bowery, New York, NY 10013, United States",18007457741,2.5,Night club,,,,"""""",clubs,nyc
Marquee New York,"289 10th Ave, New York, NY 10001, United States",16464730202,2.9,Night club,https://scontent.fskt2-1.fna.fbcdn.net/v/t39.30808-6/326384554_866981451190271_3441611869038236625_n.jpg?_nc_cat=108&ccb=1-7&_nc_sid=09cbfe&_nc_ohc=BXGyCqg9Te8AX-7L-XG&_nc_ht=scontent.fskt2-1.fna&oh=00_AfDRixRvC-WZHgl6Ar0xq5CVpntNdK2hQupK_Q4cvV_Ipg&oe=6487AB0D,https://taogroup.com/venues/marquee-new-york/,,"""""",clubs,nyc
Loosie's Nightclub,"145 Bowery, New York, NY 10002, United States",12124813763,3.7,Night club,https://s3.us-east-1.amazonaws.com/uploads.thevendry.co/24984/1672763565042_e872d513-0744-42c5-a5ed-1232bf53ce74.jpg,https://taogroup.com/venues/loosies-nightclub-new-york/,,"""""",clubs,nyc
PHD Rooftop Lounge at Dream Downtown,"355 W 16th St, New York, NY 10011, United States",12123172071,3,Night club,https://scontent.fskt2-1.fna.fbcdn.net/v/t39.30808-6/352744052_768934564780787_6570599701979592887_n.jpg?_nc_cat=108&ccb=1-7&_nc_sid=09cbfe&_nc_ohc=46gVaEe2EzIAX8o5roQ&_nc_ht=scontent.fskt2-1.fna&oh=00_AfCdhDX3jXDAiejidOzcCdYK4vWlYqg7VNqJ7bDvbg5h_w&oe=64895C19,https://taogroup.com/venues/phd-lounge-new-york/,,"""""",clubs,nyc
Funhouse,"555 W 33rd St, New York, NY 10001, United States",,,,,,,"""""",clubs,nyc
Blue,"220 W 44th St, New York, NY 10036, United States",12129442474,3.8,Lounge,"https://static.wixstatic.com/media/c37e4e_9ff4f79b4859435e85ee13ab44f44a6b~mv2.png/v1/fill/w_150,h_61,al_c,q_85,usm_0.66_1.00_0.01,enc_auto/logo.png",https://www.bluemidtown.com/,,"""""",clubs,nyc
Club Cumming,"505 E 6th St, New York, NY 10009, United States",19178192486,4.3,Night club,https://images.squarespace-cdn.com/content/v1/5af376305ffd208dbca98c82/1619643546647-6HDNS785WD3Y2J1OZ4YC/Layer+1.png?format=300w,https://clubcummingnyc.com/,,"""""",clubs,nyc
Club 5W,"120 W 25th St, New York, NY 10001, United States",,5,Lounge,,,,"""""",clubs,nyc
Knickerbocker Club,"807 5th Ave, New York, NY 10065, United States",12128386700,4.5,Club,,,,"""""",clubs,nyc
Nebula,"135 W 41st St, New York, NY 10036, United States",12129188117,3,Night club,https://nebulanewyork.com/wp-content/uploads/2022/08/Nebula_h.svg,https://nebulanewyork.com/,,"""""",clubs,nyc
NYAC Cocktail Lounge,"180 Central Park S, New York, NY 10019, United States",,5,Night club,,,,"""""",clubs,nyc
The Box,"189 Chrystie St, New York, NY 10002, United States",12129824031,3.9,Night club,https://lh5.googleusercontent.com/p/AF1QipPT8AnRTEj86cX9rBCpJAdIn_5QDa2VR_YsAkUv=w434-h240-k-no,http://www.theboxnyc.com/,,"""""",clubs,nyc
Cassia's Place,"260w W 42nd St, New York, NY 10036, United States",,5,Night club,,,,"""""",clubs,nyc
Flashdancers NYC,"320 W 45th St, New York, NY 10036, United States",12123155107,4.5,Adult entertainment club,https://www.flashdancersnyc.com/landing/images/logo.png,http://www.flashdancersnyc.com/,,"""""",clubs,nyc
Angels Private Club,"40 Broad St, New York, NY 10004, United States",,3.5,Night club,https://lh5.googleusercontent.com/p/AF1QipNoVzuOdqbmCou3tLQ6f0N5Xsjc9rSE7U9hQ3Lh=w426-h240-k-no,https://angelsprivateclub.business.site/?utm_source=gmb&utm_medium=referral,,"""""",clubs,nyc
THE Q NYC,"795 8th Ave, New York, NY 10019, United States",,3,Gay night club,,,,"""""",clubs,nyc
Planetnight.com,"32 Union Square E, New York, NY 10003, United States",12129212100,,Night club,,,,"""""",clubs,nyc
The DL | Best Rooftop Lounge NYC,"95 Delancey St, New York, NY 10002, United States",12122280909,3.9,Night club,https://images.squarespace-cdn.com/content/v1/61eb0a7d4ddf8701a37570ff/7b316e98-21de-4145-9f8a-5cab71766458/DL_Logo_white+2.PNG?format=1500w,http://www.thedl-nyc.com/,,"""""",clubs,nyc
VIRGO New York,"324 Grand St, New York, NY 10002, United States",,3.3,Night club,https://virgonewyork.com/assets/images/image02.png?v=3bd863ad,http://virgonewyork.com/,,"""""",clubs,nyc
Evol NewYork,"2 Thompson St 2nd Fl, New York, NY 10013, United States",19085688898,4.6,Night club,"https://static.wixstatic.com/media/c034b2_ddf3bbbeb57d4f789b4d2c0967e3fdcaf000.jpg/v1/fill/w_980,h_642,al_c,q_85,usm_0.33_1.00_0.00,enc_auto/c034b2_ddf3bbbeb57d4f789b4d2c0967e3fdcaf000.jpg",http://www.evolclubnyc.com/,,"""""",clubs,nyc
Sapphire Times Square NYC Gentlemen's Club,"1674 Broadway, New York, NY 10019, United States",12124213600,4.4,Night club,http://nysapphire.com/images/logo.png,http://www.sapphiretimessquare.com/,,"""""",clubs,nyc
FlashDancers Downtown,"59 Murray Street, New York, NY 10007, United States",12127915261,4.5,Adult entertainment club,https://www.flashdancersnyc.com/landing/images/logo.png,http://www.flashdancersnyc.com/,,"""""",clubs,nyc
The 40/40 Club,"6 W 25th St, New York, NY 10010, United States",12128324040,4.1,Sports bar,https://images.squarespace-cdn.com/content/v1/617836d186fb0a0edb739ce0/4a17cb46-199c-4204-8426-6b170e779252/4040_logo_WHITE_transparent_small.png?format=1500w,https://the4040club.com/,,"""""",clubs,nyc
newyorkhub,"W 42nd St, New York, NY 10036, United States",12014288457,,Night club,,,,"""""",clubs,nyc
Club Wyn,"238 E 53rd St, New York, NY 10022, United States",12128299190,,Cabaret club,,,,"""""",clubs,nyc
Club Usagi,"320 E 49th St A, New York, NY 10017, United States",12129352002,3.2,Club,,,,"""""",clubs,nyc
Daphne,"50 Bowery, New York, NY 10013, United States",19176901112,3.4,Night club,"https://images.getbento.com/accounts/58e37a9fca9a229ed84742a5fde30de4/media/images/82930logo-white.png?w=1000&fit=max&auto=compress,format&h=1000",http://daphnenyc.com/,,"""""",clubs,nyc
Holidei,"237-275 W 33rd St, New York, NY 10001, United States",,,Night club,https://cdn.shopify.com/s/files/1/0874/5274/files/kolo_logo_cecbdc27-9af4-4fe5-a0fb-e45647aea058_x100.png?v=1614323638,http://kolo.com/,,"""""",clubs,nyc
Harbor NYC Rooftop,,12129440458,3,Night club,https://images.squarespace-cdn.com/content/v1/62914d5c3738d15e3e4db2a7/86f953ff-bef6-4dc6-aff7-01cbdc1d0849/HarborLogoW125px.png?format=1500w,https://www.harbornewyorkcity.com/,,"""""",clubs,nyc
That Night Entertainment,"230 5th Ave #504, New York, NY 10001, United States",17182083916,,Night club,,,,"""""",clubs,nyc
Original Birdland Jazz Club,"1678 Broadway, New York, NY 10019, United States",,,Night club,,,,"""""",clubs,nyc
Male Strippers NYC - Hunk-O-Mania,"268 W 47th St, New York, NY 10036, United States",18668724865,5,Night club,,http://www.hunkomanianyc.com/,,"""""",clubs,nyc
Swing 46,"349 W 46th St, New York, NY 10036, United States",12122629554,4.3,Jazz club,https://swing46.nyc/wp-content/uploads/2021/08/logo-sw46-wh.svg,http://www.swing46.nyc/,,"""""",clubs,nyc
Sapphire 39,"20 W 39th St, New York, NY 10018, United States",12124213600,3.8,Adult entertainment club,https://www.nysapphire.com/images/logo.png,https://www.nysapphire.com/,,"""""",clubs,nyc
Coby Club,"156 1/2 7th Ave, New York, NY 10011, United States",16465040519,4,Lounge,https://images.squarespace-cdn.com/content/v1/5a7bc20f6f4ca3e636938b3d/dcf06d64-7cd4-42a8-a2f9-201d7447ac45/coby+logo.png?format=original,https://www.cobyclubnyc.com/,,"""""",clubs,nyc
SGTS,"92 Ludlow St, New York, NY 10002, United States",212-254-9100,2,Night club,,,,"""""",clubs,nyc
The Red Room at KGB,"85 E 4th St, New York, NY 10003, United States",703-221-4587,4.7,Night club,https://redroomnyc.com/wp-content/uploads/media/sites/2/2022/04/red_room_logo_kgb_bar_340.jpg,http://redroomnyc.com/,,"""""",clubs,nyc
Susi Villa Trans - Transgender Parties,"500 W 48th St, New York, NY 10036, United States",13477781262,3.6,Bar,,,,"""""",clubs,nyc
Labyrinth,"Park Ave S, New York, NY 10010, United States",16468682100,3,Night club,,http://www.clublabyrinth.com/,,"""""",clubs,nyc
Dizzy's Club,"10 Columbus Cir, New York, NY 10019, United States",12122589595,4.7,Jazz club,https://images.squarespace-cdn.com/content/v1/5e74322153980d7786e4455a/1585670098159-J27WN7MF8K7SVD26GYMZ/jalc-white.png?format=1500w,http://jazz.org/dizzys,,"""""",clubs,nyc
Sapphire New York,"333 E 60th St, New York, NY 10022, United States",12124213600,3.8,Adult entertainment club,http://nysapphire.com/images/logo.png,http://www.nysapphire.com/,,"""""",clubs,nyc
The Jazz Club at Aman New York,"The Crown Building, 9 W 56th St, New York, NY 10019, United States",12129702626,4.6,Jazz club,https://www.thejazzclub.com/wp-content/uploads/jazz/jazz-logo.png?format=auto&width=470,https://www.thejazzclub.com/,,"""""",clubs,nyc
Blue Note Jazz Club,"131 W 3rd St, New York, NY 10012, United States",12124758592,4.4,Jazz club,https://encrypted-tbn0.gstatic.com/images?q=tbn:ANd9GcQ86MGNdgIphVkuRqmGczfVlxekedaXrCFOJgnGRj7U&s,https://www.bluenotejazz.com/nyc/,,"""""",clubs,nyc
Don't Tell Mama,"343 W 46th St, New York, NY 10036, United States",12127570788,4.2,Night club,,http://www.donttellmamanyc.com/,,"""""",clubs,nyc
The Iridium,"1650 Broadway, New York, NY 10019, United States",12125822121,4.5,Live music venue,"https://static.wixstatic.com/media/c37e4e_d49c9720235741ae8ca9eb61f5320d26~mv2.png/v1/crop/x_33,y_27,w_754,h_221/fill/w_219,h_60,al_c,q_85,usm_0.66_1.00_0.01,enc_auto/Neon-Logo.png",https://www.theiridium.com/,,"""""",clubs,nyc
Club Room at Soho Grand,"310 W Broadway, New York, NY 10013, United States",12129653588,4.2,Bar,https://d3rg18dos0rgue.cloudfront.net/assets/clubroom/logo-mark-42c88a5ba6dc42b992cf48a9e5bcc31f61b55af682e3c910f0ff5667dd88d62d.svg,https://www.clubroomnyc.com/,,"""""",clubs,nyc
Gospel,"281 Lafayette St, New York, NY 10012, United States",19175619719,3.9,Lounge,https://www.clubroomnyc.com/,https://www.gospelnyc.com/,,"""""",clubs,nyc
The Delancey,"168 Delancey St, New York, NY 10002, United States",12122549920,4,Lounge,https://images.squarespace-cdn.com/content/v1/555a3c9de4b0f32d3a151970/1604337823603-W3AR1OJ236JXF5HPCN4C/982DEFB6-F7C6-4792-926D-9EC5030E4B12.PNG?format=1500w,https://thedelancey.com/,,"""""",clubs,nyc
Taj Lounge and Event Space,"48 W 21st St, New York, NY 10010, United States",12126203033,3.9,Event venue,"https://static.wixstatic.com/media/d1a3e9_f671c667624e473e9c7cc93a15932824~mv2.png/v1/fill/w_184,h_74,al_c,q_85,usm_0.66_1.00_0.01,enc_auto/Taj-Logo-2023wht-linepng.png",http://www.tajlounge.com/,,"""""",clubs,nyc
Birdland Jazz Club,"315 W 44th St #5402, New York, NY 10036, United States",12125813080,4.7,Jazz club,https://birdlandjazz.com/wp-content/uploads/2023/05/website-reno-banner-2-1024x640.png,https://www.birdlandjazz.com/,,"""""",clubs,nyc
The Mercury Lounge,"217 E Houston St, New York, NY 10002, United States",12122604700,4.5,Live music bar,https://mercuryeastpresents.com/wp-content/uploads/2021/05/MEP-logo-white.png,http://www.mercuryeastpresents.com/mercurylounge,,"""""",clubs,nyc
M Club New York,"235 W 45th St, New York, NY 10036, United States",800-627-7468,5,Bar,https://cache.marriott.com/content/dam/marriott-digital/mc/global-property-shared/en_us/logo/assets/mc_logo_L.png,https://www.marriott.com/en-us/hotels/nycmq-new-york-marriott-marquis/experiences/m-club/,,"""""",clubs,nyc
Rosewood Theater,"552 W 38th St, New York, NY 10018, United States",16464700368,4.2,Adult entertainment club,https://images.squarespace-cdn.com/content/v1/5aba7c7d1aef1d9339abc100/da0f1c99-b94d-4ecd-bb7a-2f1699179886/Rosewood+Theater+Logo+Red+White+copy.png?format=1500w,https://www.rosewoodtheater.com/,,"""""",clubs,nyc
The Yale Club,"50 Vanderbilt Ave, New York, NY 10017, United States",12127162100,4.6,Club,https://encrypted-tbn0.gstatic.com/images?q=tbn:ANd9GcSXcoaINulrx0TEHKSrhWhoOX8_H-spFAhZ0ydrUCI&s,http://www.yaleclubnyc.org/,,"""""",clubs,nyc
Den Social Lounge,"65 W 36th St., New York, NY 10018, United States",,3.4,Lounge,https://images.squarespace-cdn.com/content/v1/5cba59b5b7c92cb94497884b/1614736660813-B1DJ01LGNVYF7RHNCOBT/den+social+stacked+logo.png?format=1500w,https://www.densocial.com/lounge,,"""""",clubs,nyc
Eagle NYC,"554 W 28th St, New York, NY 10001, United States",16464731866,4.1,Gay bar,,https://eagle-ny.com/,,"""""",clubs,nyc
Club,"230 5th Ave, New York, NY 10001, United States",,,Bar,,,,"""""",clubs,nyc
Little Sister Lounge,"112 E 11th St, New York, NY 10013, United States",12128881095,2.1,Lounge,https://moxyeastvillage.com/content/uploads/sites/5/2019/04/Moxy_East_Village_Logo_2-Color-Blk-1.png,http://moxyeastvillage.com/little-sister-lounge/,,"""""",clubs,nyc
Latin Mondays at TAJ,"48 W 21st St, New York, NY 10010, United States",17187496290,4.2,Dance club,,https://www.eventbrite.com/e/latin-mondays-at-taj-early-bird-sale-mondays-you-can-purchase-at-the-door-tickets-163403280611?aff=erellivmlt,,"""""",clubs,nyc
LOUNGE 247,"247 Eldridge St, New York, NY 10002, United States",12124324320,4,Lounge,,,,"""""",clubs,nyc
DROM,"85 Avenue A, New York, NY 10009, United States",12127771157,4.2,Live music venue,https://dromnyc.com/wp-content/uploads/2021/12/logo_drompik-300x300-1-e1644462097519.png,http://www.dromnyc.com/,,"""""",clubs,nyc
Bounce Sporting Club,"55 W 21st St, New York, NY 10010, United States",12126758007,3.5,Sports bar,https://bouncesportingclub.com/wp-content/uploads/2021/09/logo-bounce-white.png,https://www.bouncesportingclub.com/,,"""""",clubs,nyc
Smalls Jazz Club,"183 W 10th St, New York, NY 10014, United States",,4.6,Jazz club,https://www.smallslive.com/static/new_logo_transparent.7ebdd30cddc2.png,http://www.smallslive.com/,,"""""",clubs,nyc
Members Only Club,"410 W 47th St, New York, NY 10036, United States",,5,Social club,,,,"""""",clubs,nyc
Zinc Bar,"82 W 3rd St, New York, NY 10012, United States",(212) 477-9462,4.3,Bar,https://www.zincjazz.com/wp-content/uploads/2018/06/Zinc-Logo-white04-cropped.png,https://www.zincjazz.com/,,"""""",clubs,nyc
Harvard Club of New York City,"35 W 44th St, New York, NY 10036, United States",12128406600,4.7,Club,https://www.hcny.com/wp-content/themes/hcny_2015/assets/logo-new.png,http://www.hcny.com/,,"""""",clubs,nyc
Male Strip Club NYC of Male Strippers NYC - Exotique Men,"Times Square, New York, NY 10036, United States",16466635130,4.6,Adult entertainment club,https://scontent.fskt2-1.fna.fbcdn.net/v/t39.30808-1/321039421_892400205447023_521826665512529244_n.jpg?stp=c0.2.120.120a_cp0_dst-jpg_e15_p120x120_q65&_nc_cat=107&ccb=1-7&_nc_sid=dbb9e7&_nc_ohc=mjZ7cmi01d8AX9_4gVX&_nc_ht=scontent.fskt2-1.fna&oh=00_AfBRBtlpPB6i8uDvRUetaaMGs8LJj9MBICIfOhdhhHE8JA&oe=648D4461,https://exotiquemen.com/,,"""""",clubs,nyc
Winnie's Jazz Bar,"63 W 38th St, New York, NY 10018, United States",16468469063,4.6,Jazz club,https://winniesnyc.com/wp-content/uploads/2019/03/winnies-logo.png,https://winniesnyc.com/,,"""""",clubs,nyc
The Fleur Room,"105 W 28th St, New York, NY 10001, United States",12128881095,3.9,Lounge,https://moxychelsea.com/content/uploads/sites/3/2019/02/FNY_Logo_Reverse-1024x247.png,https://moxychelsea.com/the-fleur-room/,,"""""",clubs,nyc
Paul's Cocktail Lounge,"2 6th Ave, New York, NY 10013, United States",12125196600,3.1,Lounge,,http://roxyhotelnyc.com/,,"""""",clubs,nyc
Karma,"51 1st Ave., New York, NY 10003, United States",12126773160,3.9,Hookah bar,,,,"""""",clubs,nyc
Mezzrow,"163 W 10th St, New York, NY 10014, United States",,4.6,Jazz club,,https://www.smallslive.com/,,"""""",clubs,nyc
Fairytail Lounge,"500 W 48th St, New York, NY 10036, United States",13477781262,3.3,Gay bar,,https://www.instagram.com/fairytailnyc/?hl=en,,"""""",clubs,nyc
Bob Bar,"247 Eldridge St, New York, NY 10002, United States",,4.1,Bar,,,,"""""",clubs,nyc
124 Old Rabbit Club,"124 MacDougal St, New York, NY 10012, United States",16467819646,4.6,Lounge,https://static.spotapps.co/web/124rabbitclub--com/custom/logo_fb.png,https://124rabbitclub.com/,,"""""",clubs,nyc
Village Vanguard,"178 7th Ave S, New York, NY 10014, United States",12122554037,4.7,Jazz club,https://villagevanguard.com/wp-content/uploads/2018/11/vilvanLogo.png,http://www.villagevanguard.com/,,"""""",clubs,nyc
Downtime,"25 Avenue B, New York, NY 10009, United States",16468820593,3.1,Lounge,https://downtimebarnyc.com/wp-content/uploads/2019/06/downtime-logo-black.png,https://downtimebarnyc.com/,,"""""",clubs,nyc
Get Punished,"229 W 28th St, New York, NY 10001, United States",19175132484,3.9,Adult entertainment club,,http://www.getpunished.com/,,"""""",clubs,nyc
53 Above,"318 W 53rd St, New York, NY 10019, United States",12127572323,5,Cabaret club,https://www.53above.com/img/venues/53above-logo-b45b0a0a.jpg?1487670989,https://www.53above.com/contact/,,"""""",clubs,nyc
Paul’s Casablanca,"305 Spring St, New York, NY 10013, United States",12126205220,2.9,Bar,,https://www.paulscasablanca.com/,,"""""",clubs,nyc
Space Karaoke Bar & Lounge | Koreatown NYC,"34 W 32nd St Floor 11, New York, NY 10001, United States",16467564206,4.3,Karaoke bar,"https://cdn.spacekaraoke.com/wordpress/wp-content/uploads/Space-Karaoke-Alien-Logo-Only.png?strip=all&lossy=1&sharp=1&ssl=1&fit=43,43",https://spacekaraoke.com/,,"""""",clubs,nyc
Taboo Lounge,"406 8th Ave, New York, NY 10001, United States",16465247299,3.4,Hookah bar,,,,"""""",clubs,nyc
Broadway Comedy Club,"318 W 53rd St, New York, NY 10019, United States",12127572323,3.8,Comedy club,https://dcljq95dq4enn.cloudfront.net/wp-content/uploads/2022/11/broadway-logo-navy-white4.png,http://www.broadwaycomedyclub.com/,,"""""",clubs,nyc
Friars Club,"57 E 55th St, New York, NY 10022, United States",16469707272,4.5,Club,,,,"""""",clubs,nyc
ReVision Lounge and Gallery,"219 Avenue B, New York, NY 10009, United States",12129331275,3.9,Bar,https://encrypted-tbn0.gstatic.com/images?q=tbn:ANd9GcTGz4ECot6oJa6vfkH8A-hxaTMzE9d2SWf1w-qjgeOMzdrdJ57l7LmW0AUuC08OfQcsr38&usqp=CAU,http://www.revisionlounge.com/,,"""""",clubs,nyc
Lil Nip-Nip,"32 6th Ave, New York, NY 10013, United States",,,Night club,,,,"""""",clubs,nyc
Bus,"425 W 49th St, New York, NY 10019, United States",,1,Night club,,,,"""""",clubs,nyc
BLUE CIRCLE,"95 Wall St, New York, NY 10005, United States",646-460-2550,,Night club,,,,"""""",clubs,nyc
House of X,"215 Chrystie St, New York, NY 10002, United States",,4.1,Night club,https://images.squarespace-cdn.com/content/v1/6172ea4e0c27cf54467bf2b3/778de6cc-0c1f-4727-a1ad-bcf497992828/HOX-Logo-FA-icon-white.png?format=750w,http://houseofx.nyc/,,"""""",clubs,nyc
LPR,"158 Bleecker St, New York, NY 10012, United States",,4.4,Live music venue,,http://lpr.com/,,"""""",clubs,nyc
NYC Bar Pub Club Crawl,"205 E 17th St, New York, NY 10003, United States",1 347-523-3223,4.3,Night club,"https://static.wixstatic.com/media/8da5be_167ed1ad50ee46eca89b6b2269cac9e2~mv2_d_2000_1860_s_2.png/v1/fill/w_30,h_24,al_c,q_85,usm_0.66_1.00_0.01,enc_auto/8da5be_167ed1ad50ee46eca89b6b2269cac9e2~mv2_d_2000_1860_s_2.png",http://www.nycrawl.com/,,"""""",clubs,nyc
Spring Lounge,"48 Spring St, New York, NY 10012, United States",,4.5,Bar,http://images.squarespace-cdn.com/content/v1/55d65526e4b042e96ce98f95/1442014272159-DQWAVTVUWM43QG431HPD/SPRING+LOUNGE_logo-01.png?format=1500w,http://thespringlounge.com/,,"""""",clubs,nyc
Silver Lining,"75 Murray Street, New York, NY 10007, United States",212-513-1234,4.3,Bar,,,,"""""",clubs,nyc
Napoli Club New York City,"48 E 12th St, New York, NY 10003, United States",212-777-7781,,Social club,,,,"""""",clubs,nyc
Pioneers Bar NYC,"138 W 29th (b/t 6th and 7th) New York, NY 10001",,4.2,Sports bar,https://images.squarespace-cdn.com/content/v1/608c917db320070cf0e9eafd/1619825123713-CKLYLZ53X1PLWLGK2FSH/pioneers-logo-est-1-1080x318.png?format=1500w,https://www.pioneersbar.com/,,"""""",clubs,nyc
On Now Bar and Lounge,"431 7th Ave FL 3, New York, NY 10001, United States",,4.3,Bar,,,,"""""",clubs,nyc
Marylin,"595-599 Lexington Ave, New York, NY 10022, United States",,,Night club,,,,"""""",clubs,nyc
SING SING St.Marks Karaoke,"9 St Marks Pl, New York, NY 10003, United States",212-387-7800,4.3,Karaoke,http://www.karaokesingsing.com/__static/f1a3c608-f889-4962-ab62-deb4f329134f/image_tablet,http://www.karaokesingsing.com/,,"""""",clubs,nyc
Silver Lining Lounge,"145 Bowery, New York, NY 10002, United States",212-481-3763,4.3,Piano bar,https://encrypted-tbn0.gstatic.com/images?q=tbn:ANd9GcTNoshQN9otbCE7rWMZQyaDt1X2JSqjbglU-_pFjuWh1g&s,https://taogroup.com/venues/silver-lining-lounge-new-york/,,"""""",clubs,nyc
Sing Sing Ave A.,"81 Avenue A, New York, NY 10009, United States",212-674-0700,4.1,Karaoke bar,https://uploads-ssl.webflow.com/60e5f94ac3e2e0551b212962/60e65e4936315bbd230a9c7e_LOGO_BLACKBACK-removebg-preview.png,http://www.singsingavea.com/,,"""""",clubs,nyc
Indayo group,"44 W 28th St, New York, NY 10001, United States",917-566-5812,,Night club,,,,"""""",clubs,nyc
La Caverna,"122 Rivington St, New York, NY 10002, United States",212-475-2126,4,Lounge,https://lacavernanyc.com/wp-content/uploads/2020/11/lacaverna_logo_simple_white_menu_updated.png,http://www.lacavernanyc.com/,,"""""",clubs,nyc
Smithfield Hall NYC,,212-929-9677,4.4,Sports bar,https://pbs.twimg.com/profile_images/473490882239270912/EHxCrGij_400x400.png,http://www.smithfieldnyc.com/,,"""""",clubs,nyc
Play Sport Club,"M1-5, 52 Walker St, New York, NY 10013, United States",646-355-0707,4.8,Night club,https://scontent.fskt2-1.fna.fbcdn.net/v/t39.30808-6/305993939_416677397234804_4961339572172642931_n.jpg?_nc_cat=110&ccb=1-7&_nc_sid=09cbfe&_nc_ohc=F3_1WWSPqlsAX9XjWzh&_nc_ht=scontent.fskt2-1.fna&oh=00_AfD_K8ht1_Q6rctd2-mhsaC4MTP-ojbKWnlVCEC4R31YQg&oe=648BB572,https://www.facebook.com/playsportclub/,,"""""",clubs,nyc
Amsterdam Billiards Club,"110 E 11th St, New York, NY 10003, United States",12-995-0333,4.4,Pool hall,https://amsterdambilliards.com/wp-content/uploads/2017/06/abc_logo_white_stacked_bold_HK.png,http://www.amsterdambilliards.com/,,"""""",clubs,nyc
161 Lafayette,"161 Lafayette St, New York, NY 10013, United States",,4.9,Karaoke bar,,https://161-lafayette.business.site/?utm_source=gmb&utm_medium=referral,,"""""",clubs,nyc
Bar Next Door at La Lanterna di Vittorio,"129 MacDougal St, New York, NY 10012, United States",917-639-3236,4.6,Bar,,https://lalanterna.nyc/live-jazz,,"""""",clubs,nyc
Soda Club,"155 Avenue B, New York, NY 10009, United States",833-328-4588,4.7,Wine bar,https://images.squarespace-cdn.com/content/v1/5f26b13319c2212d9789d9e2/1617993463979-CH33TU61N9HU2SG1WH3V/Soda+Club+Logo+White.png?format=300w,https://www.overthrowhospitality.com/venues/sodaclub,,"""""",clubs,nyc
The Mulberry,"Lower Level, 240 Mulberry St, New York, NY 10012, United States",,4.5,Lounge,https://cache.krop.com/themulberrybar-635050bc29d8b41.jpg,https://www.themulberrybar.com/#/,,"""""",clubs,nyc
Studio 54,"254 W 54th St, New York, NY 10019, United States",212-719-1300,4.6,Theater,,http://www.roundabouttheatre.org/,,"""""",clubs,nyc
Actuar,"230 W 39th St 4th floor, New York, NY 10018, United States",,,Night club,,,,"""""",clubs,nyc
Dinner Dancers Inc,"345 W 58th St # 11A, New York, NY 10019, United States",212-459-1027,,Night club,,,,"""""",clubs,nyc
New York Clubs Online,"245 8th Ave, Manhattan, NY 10011, United States",646-801-7099,2,Adult entertainment club,,,,"""""",clubs,nyc
Club,"282 W 44th St, New York, NY 10036, United States",,,Bar,,,,"""""",clubs,nyc
RussiaLGBT,"Broad St, New York, NY 10004, United States",,,Gay night club,,,,"""""",clubs,nyc
Gh,"36-0-36-98 Review Ave, Queens, NY 11101, United States",,,Night club,,,,"""""",clubs,nyc
Hueco,"97-15 Christie Ave, Queens, NY 11368, United States",,,Night club,,,,"""""",clubs,nyc
Cafe Bohemia,"15 Barrow St, New York, NY 10014, United States",212-691-6127,4.1,Jazz club,,https://cafebohemiany.com/,,"""""",clubs,nyc
230 Fifth Rooftop Bar,"230 5th Ave, New York, NY 10001, United States",212-725-4300,4.3,Lounge,https://www.230-fifth.com/wp-content/uploads/2022/05/web-logo-1.png,http://www.230-fifth.com/,,"""""",clubs,nyc
House of Yes,"2 Wyckoff Ave, Brooklyn, NY 11237, United States",646-838-4937,4.6,Night club,https://images.squarespace-cdn.com/content/v1/60eefee8ddd3d006b4096467/6aa7b5f7-6669-4cac-81dc-3fd0ed3f8bee/House+of+Yes_Logo_FA-01+brighter.png?format=1500w,http://houseofyes.org/,,"""""",clubs,nyc
Roma Club New York,"66 Gold St, New York, NY 10038, United States",,4.8,Club,,,,"""""",clubs,nyc
Viva,"605 W 48th St, New York, NY 10036, United States",914-963-2146,5,Night club,,http://vivasaturdays.com/,,"""""",clubs,nyc
The Highlight Room,"145 Bowery, New York, NY 10002, United States",212-481-3763,3.3,Lounge,https://www.discotech.me/wp-content/uploads/2017/07/highlightroom_la.jpg,https://taogroup.com/venues/the-highlight-room-new-york/,,"""""",clubs,nyc
Parkside Lounge,"317 E Houston St, New York, NY 10002, United States",212-673-6270,4.3,Lounge,https://images.squarespace-cdn.com/content/v1/624dbbd76b3f487e53fc4c6e/30941b94-27b1-4a52-a8c3-ab03f3b5787d/Parkside-logo_lounge_knockout.gif?format=1500w,http://www.parksidelounge.nyc/,,"""""",clubs,nyc
CLUB THEY,"200 E 33rd St, New York, NY 10016, United States",,5,Night club,,,,"""""",clubs,nyc
Arthur's Tavern,"57 Grove St, New York, NY 10014, United States",212-414-4314,4.3,Jazz club,https://arthurstavern.nyc/wp-content/uploads/2022/01/logoarthurs.svg,https://arthurstavern.nyc/,,"""""",clubs,nyc
NEXUS Club New York,"100 Church St 7th Floor, New York, NY 10007, United States",929-388-7030,4.9,Club,https://s3.amazonaws.com/cuag/entities/000/188/922/avatar300-1d739ddb3a40028bdff7e4658f3987bd-0-192-1024-721.jpg,http://www.nexusclubny.com/,,"""""",clubs,nyc
Boxers NYC,"37 W 20th St, New York, NY 10011, United States",212-255-5082,3.9,Gay bar,https://wifast-hashed.s3.amazonaws.com/production/hash-990fb6145050f62a9a36187643b13198,https://boxersnyc.com/,,"""""",clubs,nyc
Wingcraptel,"123 Washington St #51B, New York, NY 10006, United States",,,Night club,,,,"""""",clubs,nyc
Luis Gomez Presents SPUNK @ The Monster,"80 Grove St, New York, NY 10014, United States",,4.5,Gay night club,"https://static.wixstatic.com/media/3348e8_547759a78ec0436388b7a5822ead5b0d~mv2.jpg/v1/crop/x_0,y_490,w_2550,h_1402/fill/w_302,h_166,al_c,q_80,usm_0.66_1.00_0.01,enc_auto/SQ%20Logo%20Monster%20Spunk.jpg",http://www.spunknyc.com/,,"""""",clubs,nyc
Outer Heaven,"191 Chrystie St, New York, NY 10002, United States",,4.6,Night club,https://images.squarespace-cdn.com/content/v1/638e60ab5314293c479b9751/a6dcb30c-a9de-4cbb-b60a-30d66e68a887/Logo.png?format=1500w,http://outerheaven.nyc/,,"""""",clubs,nyc
Club Gera Gera,"238 E 53rd St, New York, NY 10022, United States",212-888-0558,3.5,Cabaret club,https://lh3.googleusercontent.com/p/AF1QipMDPjletT8R3cHTTYJrFKR7DIBErt5ns1rRsE1S=s680-w680-h510,https://www.geragera.nyc/,,"""""",clubs,nyc
Jacaranda Club LLC,"333 E 60th St, New York, NY 10022, United States",212-421-3600,3.4,Adult entertainment club,,http://www.nysapphire.com/,,"""""",clubs,nyc
Rex NY Cigar Club,"126 Pearl St 2nd floor, New York, NY 10005, United States",212-858-9932,4.7,Lounge,https://barclayrex.s3.amazonaws.com/logo_0cc80a07fd.png,http://barclayrex.com/rex-club/,,"""""",clubs,nyc